region,0,1,2,3,4,5,t,i,Ia,Im,Ip,y
0,3269688.0,204305.0,178371.0,981489.0,22227.0,235915.0,0,0,1.0,0.0,166.45480818493846,3.2165938581891e-05
1,223347.0,6902201.0,89189.0,1057884.0,106634.0,129464.0,0,1,0.0,0.0,205.7823972170865,1.9665012547526768e-05
2,1623521.0,178944.0,4030497.0,401439.0,38628.0,150899.0,0,2,0.0,0.0,89.98920249148775,1.6714481466393327e-05
3,1012212.0,1295630.0,364840.0,5776327.0,73523.0,531318.0,0,3,0.0,0.0,205.1719946169701,2.915395744834674e-05
4,24713.0,112592.0,37302.0,65641.0,1443202.0,93721.0,0,4,0.0,0.0,18.64992795103839,8.63067774002388e-06
5,271771.0,147756.0,132311.0,598360.0,80254.0,3550645.0,0,5,1.0,0.0,109.50961935163082,1.8797223567646942e-05
0,3269688.0,204305.0,178371.0,981489.0,22227.0,235915.0,1,0,30.523630411012448,25.585279957918214,183.1817262607677,3.539731426217077e-05
1,223347.0,6902201.0,89189.0,1057884.0,106634.0,129464.0,1,1,36.70899504223128,31.448979747031636,224.073470888137,2.1411956566122975e-05
2,1623521.0,178944.0,4030497.0,401439.0,38628.0,150899.0,1,2,16.16132607062614,13.845643901102754,99.21258086417075,1.8426863058062076e-05
3,1012212.0,1295630.0,364840.0,5776327.0,73523.0,531318.0,1,3,36.74505934886637,31.479965939250423,225.0453604485342,3.19768012306909e-05
4,24713.0,112592.0,37302.0,65641.0,1443202.0,93721.0,1,4,3.3329656204832454,2.855390222765699,20.37595280771024,9.429124806030766e-06
5,271771.0,147756.0,132311.0,598360.0,80254.0,3550645.0,1,5,20.346612161854843,16.866510489702055,120.96457466641009,2.0762738894622942e-05
0,1733550.0,131135.0,146924.0,609595.0,20124.0,144440.0,2,0,52.98360119260184,45.02998441224716,201.58580091727165,3.8952488026448615e-05
1,130183.0,3385046.0,96856.0,623200.0,80314.0,91118.0,2,1,64.16650300930037,54.98555592981034,243.9854772061292,2.3313528364034496e-05
2,149191.0,100207.0,2217640.0,251878.0,25268.0,112766.0,2,2,28.469650287591172,24.396006991664414,109.37934976775567,2.0314228023376184e-05
3,602809.0,610902.0,248543.0,3459956.0,46145.0,348459.0,2,3,64.52273015949653,55.29054205034175,246.83893146210733,3.507217696832065e-05
4,19390.0,79091.0,23104.0,45350.0,794610.0,68867.0,2,4,5.838175994732054,5.002838077901803,22.261438217922183,1.0301277093776383e-05
5,147222.0,91379.0,111905.0,360879.0,68969.0,2116741.0,2,5,35.15728659569509,29.75429449771271,133.61552987735342,2.29333135786607e-05
0,1305970.0,78505.0,95470.0,423923.0,10868.0,86254.0,3,0,71.09670593152677,60.66186784213492,221.83440975244048,4.286373165560765e-05
1,71771.0,2305215.0,76217.0,386169.0,45938.0,59333.0,3,1,85.82585235735947,73.52464910476041,265.6611541590032,2.538331003251291e-05
2,83618.0,67563.0,1315030.0,164650.0,19382.0,69243.0,3,2,38.412188546702474,32.907068769546264,120.58558033469811,2.239436070530733e-05
3,389743.0,405718.0,170491.0,2099112.0,29628.0,213157.0,3,3,86.74390628716857,74.31165454136925,270.73727223147165,3.8466235454158355e-05
4,14163.0,47171.0,14239.0,26543.0,525462.0,52398.0,3,4,7.827239244667339,6.705402990205738,24.321061713158393,1.1253907134755605e-05
5,84727.0,57240.0,75140.0,233935.0,40952.0,1380533.0,3,5,47.198404908248705,40.188784247346774,147.5868701685143,2.5330239143501723e-05
0,3269688.0,204305.0,178371.0,981489.0,22227.0,235915.0,4,0,86.65752862867161,74.09626882112735,244.11146830309914,4.7166496505852534e-05
1,223347.0,6902201.0,89189.0,1057884.0,106634.0,129464.0,4,1,103.95421990306046,89.08140484213634,289.25564037416984,2.7636057228757182e-05
2,1623521.0,178944.0,4030497.0,401439.0,38628.0,150899.0,4,2,46.97220082508695,40.25109067261562,132.93703630428337,2.468683207848432e-05
3,1012212.0,1295630.0,364840.0,5776327.0,73523.0,531318.0,4,3,105.65657028771805,90.53919883405044,296.94248990463893,4.218760404775387e-05
4,24713.0,112592.0,37302.0,65641.0,1443202.0,93721.0,4,4,9.50508988691347,8.14514737559011,26.570841271030087,1.229440370683384e-05
5,271771.0,147756.0,132311.0,598360.0,80254.0,3550645.0,4,5,57.63984568011427,49.23028774474179,163.01580936956015,2.79769953436416e-05
0,3269688.0,204305.0,178371.0,981489.0,22227.0,235915.0,5,0,100.92852596034007,86.35917700261054,268.6190289242262,5.1899718968873124e-05
1,223347.0,6902201.0,89189.0,1057884.0,106634.0,129464.0,5,1,120.1366953353596,102.91894476768174,314.9375209739662,3.0087796947451714e-05
2,1623521.0,178944.0,4030497.0,401439.0,38628.0,150899.0,5,2,54.84208928629979,46.98352919430002,146.5501322618441,2.721317472122675e-05
3,1012212.0,1295630.0,364840.0,5776327.0,73523.0,531318.0,5,3,122.83851921336746,105.23524635270991,325.6758613895912,4.6267614535848196e-05
4,24713.0,112592.0,37302.0,65641.0,1443202.0,93721.0,5,4,11.015260672315886,9.436646002540053,29.02825568572231,1.3430826730537976e-05
5,271771.0,147756.0,132311.0,598360.0,80254.0,3550645.0,5,5,67.30687811129286,57.555924310184096,180.05368931832265,3.089947009103923e-05
0,3269688.0,204305.0,178371.0,981489.0,22227.0,235915.0,6,0,114.71251369125139,98.21677258756554,295.57902675708465,5.7106153611380694e-05
1,223347.0,6902201.0,89189.0,1057884.0,106634.0,129464.0,6,1,135.35554805551666,115.97702159077575,342.88995572183336,3.2755932753280295e-05
2,1623521.0,178944.0,4030497.0,401439.0,38628.0,150899.0,6,2,62.46373738619954,53.51954591569155,161.552982343595,2.999707393994257e-05
3,1012212.0,1295630.0,364840.0,5776327.0,73523.0,531318.0,6,3,139.28368409088358,119.34095653850217,357.17960322351644,5.0740550584313376e-05
4,24713.0,112592.0,37302.0,65641.0,1443202.0,93721.0,6,4,12.447367773297952,10.665232931035465,31.71237534821656,1.4671966825606898e-05
5,271771.0,147756.0,132311.0,598360.0,80254.0,3550645.0,6,5,76.72998567938946,65.67229999844128,198.86740556636292,3.4126200381377674e-05
0,3269688.0,204305.0,178371.0,981489.0,22227.0,235915.0,7,0,128.6379836427501,110.17872232203447,325.2351846989719,6.283273614013074e-05
1,223347.0,6902201.0,89189.0,1057884.0,106634.0,129464.0,7,1,150.38382715777178,128.86016480294404,373.31189479858773,3.565935791128965e-05
2,1623521.0,178944.0,4030497.0,401439.0,38628.0,150899.0,7,2,70.18306920544167,60.13709355912542,178.0865470071504,3.306457631894105e-05
3,1012212.0,1295630.0,364840.0,5776327.0,73523.0,531318.0,7,3,155.7715805275145,133.47543472185927,391.7187949162185,5.564391617754058e-05
4,24713.0,112592.0,37302.0,65641.0,1443202.0,93721.0,7,4,13.87182931798739,11.886369346791648,34.64400425777751,1.6027409877794422e-05
5,271771.0,147756.0,132311.0,598360.0,80254.0,3550645.0,7,5,86.32387645788369,73.92097632730746,219.6409705303441,3.7688635975666914e-05
0,3269688.0,204305.0,178371.0,981489.0,22227.0,235915.0,8,0,143.13358443285617,122.61763535453767,357.8550898875434,6.913097842228061e-05
1,223347.0,6902201.0,89189.0,1057884.0,106634.0,129464.0,8,1,165.71757628323616,141.98731186167183,406.419387664579,3.881857684991924e-05
2,1623521.0,178944.0,4030497.0,401439.0,38628.0,150899.0,8,2,78.23798015626161,67.04137935784256,196.30588589130974,3.644431701838535e-05
3,1012212.0,1295630.0,364840.0,5776327.0,73523.0,531318.0,8,3,172.8223949620757,148.08351077862488,429.58346699844316,6.101872647691464e-05
4,24713.0,112592.0,37302.0,65641.0,1443202.0,93721.0,8,4,15.33466106927288,13.139146011559097,37.84583413497574,1.750760698279864e-05
5,271771.0,147756.0,132311.0,598360.0,80254.0,3550645.0,8,5,96.3783839963211,82.55678243911329,242.5772258937784,4.1621427681273134e-05
0,1733550.0,131135.0,146924.0,609595.0,20124.0,144440.0,9,0,158.55718599886728,135.81345126846773,393.7324547515884,7.605739785674528e-05
1,130183.0,3385046.0,96856.0,623200.0,80314.0,91118.0,9,1,181.73177428523348,155.69036384465045,442.4469905255677,4.2255835382075656e-05
2,149191.0,100207.0,2217640.0,251878.0,25268.0,112766.0,9,2,86.82949155728511,74.38526192537732,216.38152518184518,4.016776718081699e-05
3,602809.0,610902.0,248543.0,3459956.0,46145.0,348459.0,9,3,190.85603603475286,163.50478067193725,471.0908653709482,6.690982254945015e-05
4,19390.0,79091.0,23104.0,45350.0,794610.0,68867.0,9,4,16.871757530444903,14.454006193131658,41.34261155472906,1.912395014973982e-05
5,147222.0,91379.0,111905.0,360879.0,68969.0,2116741.0,9,5,107.14419833815077,91.76789710651045,267.89971674043693,4.5962742153341764e-05
0,1305970.0,78505.0,95470.0,423923.0,10868.0,86254.0,10,0,175.16161203996674,149.9743012796874,433.18957612807634,8.367398343185018e-05
1,71771.0,2305215.0,76217.0,386169.0,45938.0,59333.0,10,1,198.71424523576957,170.18931186516724,481.6492779135187,4.599526009111985e-05
2,83618.0,67563.0,1315030.0,164650.0,19382.0,69243.0,10,2,96.09868512733765,82.28473332395457,238.5009482430098,4.426950282819706e-05
3,389743.0,405718.0,170491.0,2099112.0,29628.0,213157.0,10,3,210.17734572093747,179.98263529227285,516.5879038087727,7.336621141583742e-05
4,14163.0,47171.0,14239.0,26543.0,525462.0,52398.0,10,4,18.50995532674318,15.851892239539692,45.16131906438074,2.0888854160121916e-05
5,84727.0,57240.0,75140.0,233935.0,40952.0,1380533.0,10,5,118.794014674547,101.70023759611797,295.85474052851504,5.075460519805544e-05
0,3269688.0,204305.0,178371.0,981489.0,22227.0,235915.0,11,0,193.08999282554788,165.44124826983906,476.5800062618044,9.204870080977149e-05
1,223347.0,6902201.0,89189.0,1057884.0,106634.0,129464.0,11,1,216.82712869471976,185.79075087128797,524.3024637996842,5.0063007258348136e-05
2,1623521.0,178944.0,4030497.0,401439.0,38628.0,150899.0,11,2,106.12583942773863,90.93433840198219,262.8702185456024,4.8787496631104194e-05
3,1012212.0,1295630.0,364840.0,5776327.0,73523.0,531318.0,11,3,230.9584220653553,197.8981759477445,566.4538165917068,8.044143283786311e-05
4,24713.0,112592.0,37302.0,65641.0,1443202.0,93721.0,11,4,20.264398231736603,17.3637305329554,49.33137129549496,2.281584498890663e-05
5,271771.0,147756.0,132311.0,598360.0,80254.0,3550645.0,11,5,131.42631640220657,112.60425756536334,326.7135845646469,5.604327559627723e-05
0,3269688.0,204305.0,178371.0,981489.0,22227.0,235915.0,12,0,212.73178635912464,182.39246363692234,524.2914496434607,0.00010125603873838208
1,223347.0,6902201.0,89189.0,1057884.0,106634.0,129464.0,12,1,236.40733521886645,202.66220354321712,570.7061374514681,5.4487421664291335e-05
2,1623521.0,178944.0,4030497.0,401439.0,38628.0,150899.0,12,2,117.1344620212912,100.43533698447575,289.71574409212747,5.3763433902031994e-05
3,1012212.0,1295630.0,364840.0,5776327.0,73523.0,531318.0,12,3,253.62984196765296,217.45237310593333,621.1030231609234,8.819395420025732e-05
4,24713.0,112592.0,37302.0,65641.0,1443202.0,93721.0,12,4,22.169572596858906,19.00613483668681,53.88482711717345,2.4919655201175937e-05
5,271771.0,147756.0,132311.0,598360.0,80254.0,3550645.0,12,5,145.33038197145154,124.60998605694091,360.77496606984664,6.187965147134198e-05
0,3269688.0,204305.0,178371.0,981489.0,22227.0,235915.0,13,0,234.3676416949906,200.81266393779356,576.7488995453884,0.00011137759899197898
1,223347.0,6902201.0,89189.0,1057884.0,106634.0,129464.0,13,1,257.6994258796183,220.80357835351134,621.1851189023514,5.929920553485431e-05
2,1623521.0,178944.0,4030497.0,401439.0,38628.0,150899.0,13,2,129.28599313161772,110.77835654750108,319.286192571004,5.92430540974232e-05
3,1012212.0,1295630.0,364840.0,5776327.0,73523.0,531318.0,13,3,278.502240270842,238.6315687903776,680.9882163871049,9.668759473250793e-05
4,24713.0,112592.0,37302.0,65641.0,1443202.0,93721.0,13,4,24.250454280738552,20.77856770692604,58.85661891132157,2.7216326739714395e-05
5,271771.0,147756.0,132311.0,598360.0,80254.0,3550645.0,13,5,160.71505947887033,137.70480127192332,398.3676891987133,6.831971118750957e-05
0,3269688.0,204305.0,178371.0,981489.0,22227.0,235915.0,14,0,258.0094789320858,220.87892966465765,634.4180277094216,0.00012250273186790685
1,223347.0,6902201.0,89189.0,1057884.0,106634.0,129464.0,14,1,280.7122360850932,240.35869530916736,676.0914383930276,6.45315978207467e-05
2,1623521.0,178944.0,4030497.0,401439.0,38628.0,150899.0,14,2,142.58856063896155,122.06609360263165,351.8545663215062,6.5276518997219e-05
3,1012212.0,1295630.0,364840.0,5776327.0,73523.0,531318.0,14,3,305.5875280762515,261.62764829705014,746.6036854118879,0.00010599198015056234
4,24713.0,112592.0,37302.0,65641.0,1443202.0,93721.0,14,4,26.508026826235444,22.696117511373963,64.28480007406436,2.972332151411151e-05
5,271771.0,147756.0,132311.0,598360.0,80254.0,3550645.0,14,5,177.5914519404817,152.02326041979768,439.8535334179906,7.542499067247212e-05
0,3269688.0,204305.0,178371.0,981489.0,22227.0,235915.0,15,0,283.72961912256625,243.08413613108513,697.8088398407319,0.00013472921899620492
1,223347.0,6902201.0,89189.0,1057884.0,106634.0,129464.0,15,1,305.4970052756571,261.7368550741818,735.8064434231866,7.022056389094331e-05
2,1623521.0,178944.0,4030497.0,401439.0,38628.0,150899.0,15,2,157.08543692335155,134.58312512808595,387.72044580214157,7.191880855347898e-05
3,1012212.0,1295630.0,364840.0,5776327.0,73523.0,531318.0,15,3,334.9607929254992,286.97881667130594,818.4888830101652,0.0001161830285628211
4,24713.0,112592.0,37302.0,65641.0,1443202.0,93721.0,15,4,28.947994109217703,24.801358752800848,70.21081185932394,3.2459640188927134e-05
5,271771.0,147756.0,132311.0,598360.0,80254.0,3550645.0,15,5,196.01759264169658,167.93639639112112,485.63038739592884,8.3263098892809e-05
0,1733550.0,131135.0,146924.0,609595.0,20124.0,144440.0,16,0,312.13453248546915,267.6313830000686,767.4796082576415,0.0001481640048302253
1,130183.0,3385046.0,96856.0,623200.0,80314.0,91118.0,16,1,332.55197270905444,285.0966767275251,800.7430360836104,7.640499558311006e-05
2,149191.0,100207.0,2217640.0,251878.0,25268.0,112766.0,16,2,173.1274053180186,148.44807079972972,427.2124095617523,7.923014514569207e-05
3,602809.0,610902.0,248543.0,3459956.0,46145.0,348459.0,16,3,367.2819537815529,314.90239196509253,897.2322459190359,0.00012734346816358234
4,19390.0,79091.0,23104.0,45350.0,794610.0,68867.0,16,4,31.62241164292178,27.11121395438074,76.67977067688574,3.5445949545007297e-05
5,147222.0,91379.0,111905.0,360879.0,68969.0,2116741.0,16,5,216.45187520707572,185.6008512771312,536.1356419092793,9.190827295536762e-05
0,1305970.0,78505.0,95470.0,423923.0,10868.0,86254.0,17,0,343.56060160916513,294.4003367352306,844.0410911124644,0.0001629239776487946
1,71771.0,2305215.0,76217.0,386169.0,45938.0,59333.0,17,1,362.1407567371567,310.3156840702604,871.3480420660499,8.312692137988262e-05
2,83618.0,67563.0,1315030.0,164650.0,19382.0,69243.0,17,2,190.91079940217648,163.59432920902495,470.6906376326323,8.727644663014472e-05
3,389743.0,405718.0,170491.0,2099112.0,29628.0,213157.0,17,3,402.91161744068614,345.25731985735246,983.4752744747185,0.00013956338681057296
4,14163.0,47171.0,14239.0,26543.0,525462.0,52398.0,17,4,34.5593784684115,29.61389234753833,83.74077693376772,3.870471875145124e-05
5,84727.0,57240.0,75140.0,233935.0,40952.0,1380533.0,17,5,239.1531615893885,204.93395035604266,591.8498541267768,0.00010144197393588613
0,3269688.0,204305.0,178371.0,981489.0,22227.0,235915.0,18,0,377.93189391597906,323.59932040755245,928.1610448770845,0.00017913680017978445
1,223347.0,6902201.0,89189.0,1057884.0,106634.0,129464.0,18,1,394.1714680328107,337.5494215118351,948.1047111126021,9.043172626286563e-05
2,1623521.0,178944.0,4030497.0,401439.0,38628.0,150899.0,18,2,210.395512706193,180.14438280106108,518.5497036980635,9.612980810222724e-05
3,1012212.0,1295630.0,364840.0,5776327.0,73523.0,531318.0,18,3,441.75478609167607,378.26368199803113,1077.9168750527774,0.00015294081302879743
4,24713.0,112592.0,37302.0,65641.0,1443202.0,93721.0,18,4,37.750574534426825,32.32632782064814,91.44724645897857,4.22603648330255e-05
5,271771.0,147756.0,132311.0,598360.0,80254.0,3550645.0,18,5,264.07426085924345,226.09858604077974,653.3006938378829,0.00011195352402057147
0,3269688.0,204305.0,178371.0,981489.0,22227.0,235915.0,19,0,415.37528496755226,355.9111057712704,1020.5690330931715,0.00019694178901035467
1,223347.0,6902201.0,89189.0,1057884.0,106634.0,129464.0,19,1,428.7230397602559,367.3426678002237,1031.535346596182,9.836838052876086e-05
2,1623521.0,178944.0,4030497.0,401439.0,38628.0,150899.0,19,2,231.65817702080625,198.4953269162132,571.2215592151545,0.00010586901167699417
3,1012212.0,1295630.0,364840.0,5776327.0,73523.0,531318.0,19,3,483.93883766376155,414.6574761341781,1181.3179650575141,0.00016758232727391603
4,24713.0,112592.0,37302.0,65641.0,1443202.0,93721.0,19,4,41.20536592934957,35.30617704775808,99.85726547156972,4.6139407545430034e-05
5,271771.0,147756.0,132311.0,598360.0,80254.0,3550645.0,19,5,291.31990351714063,249.61674002314624,721.0671795980444,0.00012354078485183218
0,3269688.0,204305.0,178371.0,981489.0,22227.0,235915.0,20,0,456.76489695275933,391.615330736383,1122.061529501889,0.00021649084073162156
1,223347.0,6902201.0,89189.0,1057884.0,106634.0,129464.0,20,1,466.48588572940685,399.89825368269874,1122.2040593399402,0.00010698967652495749
2,1623521.0,178944.0,4030497.0,401439.0,38628.0,150899.0,20,2,255.20810122624286,218.8123902838403,629.1787097546438,0.00011658006280234763
3,1012212.0,1295630.0,364840.0,5776327.0,73523.0,531318.0,20,3,530.4029536684277,454.73147488109214,1294.506335361298,0.00018360370139311103
4,24713.0,112592.0,37302.0,65641.0,1443202.0,93721.0,20,4,44.997166406092,38.57585041567814,109.03396993276537,5.037063377431394e-05
5,271771.0,147756.0,132311.0,598360.0,80254.0,3550645.0,20,5,321.560988485703,275.70940057554975,795.7842091551539,0.00013631087605369132
0,3269688.0,204305.0,178371.0,981489.0,22227.0,235915.0,21,0,502.53118225402386,430.5578097852863,1233.5073073294875,0.0002379494012179115
1,223347.0,6902201.0,89189.0,1057884.0,106634.0,129464.0,21,1,507.77603102257825,435.05577751188235,1220.7196375912308,0.0001163524718649983
2,1623521.0,178944.0,4030497.0,401439.0,38628.0,150899.0,21,2,281.2992070514077,241.01066962336523,692.937579982725,0.00012835675061382496
3,1012212.0,1295630.0,364840.0,5776327.0,73523.0,531318.0,21,3,581.5993491479742,498.3035318251905,1418.381758927897,0.0002011305631041348
4,24713.0,112592.0,37302.0,65641.0,1443202.0,93721.0,21,4,49.16073219526474,42.12011768924445,119.04594995588229,5.49852714482678e-05
5,271771.0,147756.0,132311.0,598360.0,80254.0,3550645.0,21,5,355.1365447483731,304.2719504147146,878.1473836625441,0.00015038093172703716
0,3269688.0,204305.0,178371.0,981489.0,22227.0,235915.0,22,0,552.5195063239262,473.0872108093766,1355.8530984087063,0.00026149747249648266
1,223347.0,6902201.0,89189.0,1057884.0,106634.0,129464.0,22,1,552.4245974605495,473.0678805123918,1327.7385211584026,0.00012651793720669046
2,1623521.0,178944.0,4030497.0,401439.0,38628.0,150899.0,22,2,309.8474651446049,265.29630798553546,763.0620587554881,0.0001413012285765482
3,1012212.0,1295630.0,364840.0,5776327.0,73523.0,531318.0,22,3,637.3418130031798,545.7384052788647,1553.9213266067836,0.0002202990809317159
4,24713.0,112592.0,37302.0,65641.0,1443202.0,93721.0,22,4,53.68036349236968,45.966965121695104,129.96767972218436,6.001717279534093e-05
5,271771.0,147756.0,132311.0,598360.0,80254.0,3550645.0,22,5,391.94479343079206,335.58039408004277,968.918118786457,0.00016587889119125567
0,1733550.0,131135.0,146924.0,609595.0,20124.0,144440.0,23,0,607.0063228833916,520.136137536885,1490.1294956044655,0.0002873306492442942
1,130183.0,3385046.0,96856.0,623200.0,80314.0,91118.0,23,1,600.6146991218056,514.64579249245,1443.967862977063,0.00013755180610413017
2,149191.0,100207.0,2217640.0,251878.0,25268.0,112766.0,23,2,341.01863519280704,292.21614002141115,840.1672094895117,0.00015552461008775135
3,602809.0,610902.0,248543.0,3459956.0,46145.0,348459.0,23,3,697.9120165927217,598.0269071209146,1702.1849814544578,0.00024125666334630502
4,19390.0,79091.0,23104.0,45350.0,794610.0,68867.0,23,4,58.57730059434339,50.19333526892075,141.87997305428573,6.550300657006857e-05
5,147222.0,91379.0,111905.0,360879.0,68969.0,2116741.0,23,5,432.21111243058397,370.36031175480883,1068.9290275375079,0.00018294431833792933
0,1305970.0,78505.0,95470.0,423923.0,10868.0,86254.0,24,0,667.2248025272867,572.044072679684,1637.4570592702464,0.00031566117396587226
1,71771.0,2305215.0,76217.0,386169.0,45938.0,59333.0,24,1,653.2794171046208,560.0186551100859,1570.1686556596549,0.00014952462376509166
2,83618.0,67563.0,1315030.0,164650.0,19382.0,69243.0,24,2,375.53685398384414,321.9732312376877,924.9231230379555,0.00017114757177436377
3,389743.0,405718.0,170491.0,2099112.0,29628.0,213157.0,24,3,764.6167169183534,655.5166151271482,1864.321211077209,0.0002641626637897109
4,14163.0,47171.0,14239.0,26543.0,525462.0,52398.0,24,4,63.9529282767893,54.825610860879976,154.87046441680724,7.1482458625413e-05
5,84727.0,57240.0,75140.0,233935.0,40952.0,1380533.0,24,5,476.8980405245498,408.88722409154025,1179.0895490940154,0.00020172924157589855
0,3269688.0,204305.0,178371.0,981489.0,22227.0,235915.0,25,0,733.7100833293108,628.557883264671,1799.0525727167594,0.00034671899625909246
1,223347.0,6902201.0,89189.0,1057884.0,106634.0,129464.0,25,1,710.7886192817455,608.9402225844141,1707.15889374447,0.0001625119907421656
2,1623521.0,178944.0,4030497.0,401439.0,38628.0,150899.0,25,2,413.7211723327671,354.4263511228474,1018.058880423731,0.00018830095484872607
3,1012212.0,1295630.0,364840.0,5776327.0,73523.0,531318.0,25,3,838.0074099824748,717.9151364722783,2041.5728430072882,0.0002891890807836926
4,24713.0,112592.0,37302.0,65641.0,1443202.0,93721.0,25,4,69.84939057391168,59.84002024861533,169.03411462957988,7.799843989220341e-05
5,271771.0,147756.0,132311.0,598360.0,80254.0,3550645.0,25,5,526.4370467205301,450.9846783770641,1300.391784574,0.00022239900339320268
0,2288781.5999999996,143013.5,124859.7,687042.2999999999,15558.9,165140.5,26,0,806.1791766043848,690.3004213142531,1976.2353723863926,0.0003807528171488026
1,156342.9,4831540.699999999,62432.299999999996,740518.7999999999,74643.79999999999,90624.79999999999,26,1,772.8625350838149,661.8544494926413,1855.8167342308916,0.00017659479664307374
2,1136464.7,125260.79999999999,2821347.9,281007.3,27039.6,105629.29999999999,26,2,455.4144626654706,389.9451125421347,1120.366580597453,0.00020712635200811845
3,708548.3999999999,906941.0,255387.99999999997,4043428.9,51466.1,371922.6,26,3,917.7549638934059,785.8701222713897,2235.2828705758893,0.00031652123933325834
4,17299.1,78814.4,26111.399999999998,45948.7,1010241.3999999999,65604.7,26,4,76.23998052209102,65.28641208541606,184.47373997195447,8.509730044746627e-05
5,190239.69999999998,103429.2,92617.7,418852.0,56177.799999999996,2485451.5,26,5,580.6332138203196,497.1500572208522,1433.9164841087406,0.00024513310493628023
0,2288781.5999999996,143013.5,124859.7,687042.2999999999,15558.9,165140.5,27,0,885.1793562453779,758.5508425866843,2170.433654988648,0.0004180310941359251
1,156342.9,4831540.699999999,62432.299999999996,740518.7999999999,74643.79999999999,90624.79999999999,27,1,839.8710982391995,719.6957303699785,2017.0836083843503,0.0001918594378441196
2,1136464.7,125260.79999999999,2821347.9,281007.3,27039.6,105629.29999999999,27,2,500.9444051398865,429.28553684847407,1232.7053734887108,0.00022777666389929834
3,708548.3999999999,906941.0,255387.99999999997,4043428.9,51466.1,371922.6,27,3,1004.4191998601505,860.7216341183082,2446.90021564214,0.00034635843628302187
4,17299.1,78814.4,26111.399999999998,45948.7,1010241.3999999999,65604.7,27,4,83.16755765518191,71.26841208472229,201.30056260559445,9.282904789010066e-05
5,190239.69999999998,103429.2,92617.7,418852.0,56177.799999999996,2485451.5,27,5,639.9321405302062,548.3961723935853,1580.8391090546777,0.00027012602659474294
0,2288781.5999999996,143013.5,124859.7,687042.2999999999,15558.9,165140.5,28,0,972.4252925758786,833.6976143700775,2383.190635594499,0.00045884297623353276
1,156342.9,4831540.699999999,62432.299999999996,740518.7999999999,74643.79999999999,90624.79999999999,28,1,913.0586476198206,782.7058815685297,2191.9672265157915,0.00020839801191250586
2,1136464.7,125260.79999999999,2821347.9,281007.3,27039.6,105629.29999999999,28,2,551.3257365998004,472.68328770016336,1356.005420548809,0.0002504166050297101
3,708548.3999999999,906941.0,255387.99999999997,4043428.9,51466.1,371922.6,28,3,1099.7924384347639,942.8574009934841,2677.9853093413694,0.00037891452808227956
4,17299.1,78814.4,26111.399999999998,45948.7,1010241.3999999999,65604.7,28,4,90.77076674110249,77.8155424150184,219.63477932108,0.00010124756768408339
5,190239.69999999998,103429.2,92617.7,418852.0,56177.799999999996,2485451.5,28,5,705.6955201117225,605.0484493490119,1742.435868054226,0.00029758800025184515
0,2288781.5999999996,143013.5,124859.7,687042.2999999999,15558.9,165140.5,29,0,1068.5559299559386,915.3331632046165,2616.1703968790866,0.0005034991306949111
1,156342.9,4831540.699999999,62432.299999999996,740518.7999999999,74643.79999999999,90624.79999999999,29,1,992.8401143431779,850.5151821695555,2381.5444042764425,0.00022630847997055792
2,1136464.7,125260.79999999999,2821347.9,281007.3,27039.6,105629.29999999999,29,2,606.9437842367133,519.9079401028013,1491.2716832388007,0.0002752231341013789
3,708548.3999999999,906941.0,255387.99999999997,4043428.9,51466.1,371922.6,29,3,1204.5199320941279,1031.8173372363806,2930.2153421472076,0.00041441843448102706
4,17299.1,78814.4,26111.399999999998,45948.7,1010241.3999999999,65604.7,29,4,99.09916184312468,84.89148826081704,239.60614449112444,0.000110410842461629
5,190239.69999999998,103429.2,92617.7,418852.0,56177.799999999996,2485451.5,29,5,778.452188275071,666.8150277307368,1920.0895951381299,0.00032774570247856517
0,1213485.0,91794.5,102846.79999999999,426716.5,14086.8,101108.0,30,0,1173.0794130727988,1004.5020492416979,2871.163229570132,0.0005523324142302853
1,91128.09999999999,2369532.1999999997,67799.2,436240.0,56219.799999999996,63782.6,30,1,1078.7701717046561,923.8513481107948,2586.9636237463865,0.00024569478654883287
2,104433.7,70144.9,1552348.0,176314.59999999998,17687.6,78936.2,30,2,667.5205943874947,571.5823664699604,1639.5874139640164,0.0003023857779795205
3,421966.3,427631.39999999997,173980.09999999998,2421969.1999999997,32301.499999999996,243921.3,30,3,1318.0464021064972,1128.678820568364,3205.388999399376,0.0004531145259324888
4,13573.0,55363.7,16172.8,31744.999999999996,556227.0,48206.899999999994,30,4,108.10921282033746,92.57963369433513,261.3545617578402,0.00012038116648424058
5,103055.4,63965.299999999996,78333.5,252615.3,48278.299999999996,1481718.7,30,5,857.8506856445218,734.5397979950922,2115.295301303997,0.0003608428303691566
0,914179.0,54953.5,66829.0,296746.1,7607.599999999999,60377.799999999996,31,0,1286.9675779444042,1102.926409267525,3150.090216906838,0.0006056983311066706
1,50239.7,1613650.5,53351.899999999994,270318.3,32156.6,41533.1,31,1,1171.5021688854993,1003.9225696658322,2809.447225015203,0.00026666692455873045
2,58532.6,47294.1,920520.9999999999,115254.99999999999,13567.4,48470.1,31,2,733.6394236947222,628.7323440845042,1802.1171932376428,0.0003321068117961208
3,272820.1,284002.6,119343.7,1469378.4,20739.6,149209.9,31,3,1441.3627680057957,1235.2218112697258,3505.430457419974,0.0004952628558373539
4,9914.099999999999,33019.7,9967.3,18580.1,367823.39999999997,36678.6,31,4,117.87776467422448,101.01797618512046,285.030677355544,0.0001312253505203014
5,59308.899999999994,40068.0,52598.0,163754.5,28666.399999999998,966373.1,31,5,944.687752805108,809.6109249622666,2329.6651871051986,0.00039714051279130674
0,2288781.5999999996,143013.5,124859.7,687042.2999999999,15558.9,165140.5,32,0,1412.5559225455308,1211.0167644944747,3455.0067607484325,0.0006639752084929558
1,156342.9,4831540.699999999,62432.299999999996,740518.7999999999,74643.79999999999,90624.79999999999,32,1,1272.6666409824081,1090.9602200717186,3050.293103842766,0.00028934093085686074
2,1136464.7,125260.79999999999,2821347.9,281007.3,27039.6,105629.29999999999,32,2,806.6928716444559,691.6113048096779,1980.1093208112975,0.00036460124995409506
3,708548.3999999999,906941.0,255387.99999999997,4043428.9,51466.1,371922.6,32,3,1576.878709521019,1351.8433525048188,3832.392367828302,0.0005411391911636309
4,17299.1,78814.4,26111.399999999998,45948.7,1010241.3999999999,65604.7,32,4,128.59200999974087,110.23762148100154,310.7964660331584,0.00014301491129588997
5,190239.69999999998,103429.2,92617.7,418852.0,56177.799999999996,2485451.5,32,5,1040.8509611585143,892.3868310005128,2564.932851806673,0.0004369174994185133
0,2288781.5999999996,143013.5,124859.7,687042.2999999999,15558.9,165140.5,33,0,1550.5682227956363,1328.1345975475595,3788.104683177248,0.0007275640056371856
1,156342.9,4831540.699999999,62432.299999999996,740518.7999999999,74643.79999999999,90624.79999999999,33,1,1382.7045095439112,1184.4234010869761,3310.8757681668562,0.00031383879546520053
2,1136464.7,125260.79999999999,2821347.9,281007.3,27039.6,105629.29999999999,33,2,887.1229016701845,759.8536282452399,2174.897326618849,0.0004000965939883536
3,708548.3999999999,906941.0,255387.99999999997,4043428.9,51466.1,371922.6,33,3,1725.3095295764292,1477.8385917437897,4188.457503143043,0.0005910347863646743
4,17299.1,78814.4,26111.399999999998,45948.7,1010241.3999999999,65604.7,33,4,140.30831671520895,120.18458635459919,338.8257982481332,0.0001558262383900268
5,190239.69999999998,103429.2,92617.7,418852.0,56177.799999999996,2485451.5,33,5,1146.9579359766542,982.3984217587174,2822.956373699271,0.0004804700579124778
0,2288781.5999999996,143013.5,124859.7,687042.2999999999,15558.9,165140.5,34,0,1700.1864809589708,1455.9191369801292,4151.7124644320265,0.0007968876578746542
1,156342.9,4831540.699999999,62432.299999999996,740518.7999999999,74643.79999999999,90624.79999999999,34,1,1500.9318288060547,1285.4263915955387,3592.646580546731,0.00034028826485165494
2,1136464.7,125260.79999999999,2821347.9,281007.3,27039.6,105629.29999999999,34,2,974.4600929742238,834.4420429544252,2387.9003192062114,0.00043883227334010327
3,708548.3999999999,906941.0,255387.99999999997,4043428.9,51466.1,371922.6,34,3,1885.7559009945705,1614.8833347400966,4575.938674822648,0.0006452558358758162
4,17299.1,78814.4,26111.399999999998,45948.7,1010241.3999999999,65604.7,34,4,152.95839769122983,130.99013344559813,369.30497460872806,0.00016974072995657312
5,190239.69999999998,103429.2,92617.7,418852.0,56177.799999999996,2485451.5,34,5,1262.4053885410415,1080.9880884376896,3105.719865389824,0.0005281114959537737
0,2288781.5999999996,143013.5,124859.7,687042.2999999999,15558.9,165140.5,35,0,1862.9799294918912,1596.6360787345873,4548.2930954313715,0.0008723898390712209
1,156342.9,4831540.699999999,62432.299999999996,740518.7999999999,74643.79999999999,90624.79999999999,35,1,1628.3888218436434,1395.5039390969753,3897.132985012662,0.0003688225167768365
2,1136464.7,125260.79999999999,2821347.9,281007.3,27039.6,105629.29999999999,35,2,1069.6499028910075,916.7359441760794,2620.621834580078,0.00048105870415319417
3,708548.3999999999,906941.0,255387.99999999997,4043428.9,51466.1,371922.6,35,3,2059.8084097979763,1765.2908191215447,4997.276465328963,0.0007041225298255677
4,17299.1,78814.4,26111.399999999998,45948.7,1010241.3999999999,65604.7,35,4,166.66794958969797,142.83600774885912,402.4332103942394,0.00018484488694483808
5,190239.69999999998,103429.2,92617.7,418852.0,56177.799999999996,2485451.5,35,5,1388.4941322683667,1190.015322290714,3415.333026657747,0.0005801712094728885
0,2288781.5999999996,143013.5,124859.7,687042.2999999999,15558.9,165140.5,36,0,2042.050724673892,1750.6586848957102,4980.4389310421075,0.0009545330070166453
1,156342.9,4831540.699999999,62432.299999999996,740518.7999999999,74643.79999999999,90624.79999999999,36,1,1767.1714300122756,1514.8380398690078,4225.936485246599,0.0003995796811015117
2,1136464.7,125260.79999999999,2821347.9,281007.3,27039.6,105629.29999999999,36,2,1174.5549601301848,1006.9716839195193,2874.646787065329,0.0005270358793364609
3,708548.3999999999,906941.0,255387.99999999997,4043428.9,51466.1,371922.6,36,3,2250.6308167562165,1929.4058556976445,5455.034238703419,0.0007679676260447572
4,17299.1,78814.4,26111.399999999998,45948.7,1010241.3999999999,65604.7,36,4,181.68660335656773,155.7520314929341,438.42304933490885,0.00020123035354130444
5,190239.69999999998,103429.2,92617.7,418852.0,56177.799999999996,2485451.5,36,5,1527.7757360513992,1309.8277833396794,3754.0281254704155,0.0006369931415070577
0,1213485.0,91794.5,102846.79999999999,426716.5,14086.8,101108.0,37,0,2238.1518045443554,1916.9923697366396,5450.862829187446,0.0010437955757613008
1,91128.09999999999,2369532.1999999997,67799.2,436240.0,56219.799999999996,63782.6,37,1,1917.711145768955,1642.6440169727157,4580.729106695693,0.00043270217767163514
2,104433.7,70144.9,1552348.0,176314.59999999998,17687.6,78936.2,37,2,1289.641374791578,1104.572107791773,3151.6360561580955,0.0005770313905988782
3,421966.3,427631.39999999997,173980.09999999998,2421969.1999999997,32301.499999999996,243921.3,37,3,2458.950598248977,2106.1558725893296,5951.889810053734,0.0008371344391814396
4,13573.0,55363.7,16172.8,31744.999999999996,556227.0,48206.899999999994,37,4,198.07588591436019,169.6585671974726,477.5006816355236,0.00021899388935291315
5,103055.4,63965.299999999996,78333.5,252615.3,48278.299999999996,1481718.7,37,5,1680.9176192077823,1439.6749027158705,4124.153735163231,0.000698933517842961
0,914179.0,54953.5,66829.0,296746.1,7607.599999999999,60377.799999999996,38,0,2449.9516606737743,2098.0369068157993,5962.384752241269,0.0011406680374137013
1,50239.7,1613650.5,53351.899999999994,270318.3,32156.6,41533.1,38,1,2078.977429648789,1780.5198113976703,4963.248038447713,0.0004683358390277409
2,58532.6,47294.1,920520.9999999999,115254.99999999999,13567.4,48470.1,38,2,1414.1336462989473,1210.9832407781203,3453.318170367846,0.0006313177703586607
3,272820.1,284002.6,119343.7,1469378.4,20739.6,149209.9,38,3,2683.340941896437,2297.974555784538,6490.623064403728,0.0009119741350405672
4,9914.099999999999,33019.7,9967.3,18580.1,367823.39999999997,36678.6,38,4,215.73065891894703,184.75088985974196,519.9061364362062,0.00023823725639329253
5,59308.899999999994,40068.0,52598.0,163754.5,28666.399999999998,966373.1,38,5,1846.9073888794815,1581.550478918839,4528.164443540413,0.0007663577064486522
0,2288781.5999999996,143013.5,124859.7,687042.2999999999,15558.9,165140.5,39,0,2679.752801642469,2296.6906245531172,6517.912893353943,0.0012456478342370051
1,156342.9,4831540.699999999,62432.299999999996,740518.7999999999,74643.79999999999,90624.79999999999,39,1,2252.478462339107,1930.380534800605,5375.288112049131,0.0005066287823289997
2,1136464.7,125260.79999999999,2821347.9,281007.3,27039.6,105629.29999999999,39,2,1549.4245203515156,1327.9547003976536,3781.4774722606026,0.0006901690289709513
3,708548.3999999999,906941.0,255387.99999999997,4043428.9,51466.1,371922.6,39,3,2926.1224892224673,2507.7926295332213,7074.098721519277,0.0009928422056368858
4,17299.1,78814.4,26111.399999999998,45948.7,1010241.3999999999,65604.7,39,4,234.84051469138146,201.26636583037987,565.8933134885078,0.0002590670012181871
5,190239.69999999998,103429.2,92617.7,418852.0,56177.799999999996,2485451.5,39,5,2027.6787431108128,1737.8751246628538,4968.605629713538,0.0008396360283769512
0,2288781.5999999996,143013.5,124859.7,687042.2999999999,15558.9,165140.5,40,0,2931.5513442335605,2513.1790550204864,7120.418275228132,0.0013592327611269557
1,156342.9,4831540.699999999,62432.299999999996,740518.7999999999,74643.79999999999,90624.79999999999,40,1,2440.8564289270903,2092.300611268852,5818.691734799038,0.0005477299916896188
2,1136464.7,125260.79999999999,2821347.9,281007.3,27039.6,105629.29999999999,40,2,1697.9269041129132,1455.6380915313555,4137.938070937959,0.0007538562514963724
3,708548.3999999999,906941.0,255387.99999999997,4043428.9,51466.1,371922.6,40,3,3191.335409149753,2735.795902424067,7705.2433486152495,0.0010800939885578437
4,17299.1,78814.4,26111.399999999998,45948.7,1010241.3999999999,65604.7,40,4,255.73510659662918,219.22911817311996,615.7298127637096,0.00028159410960220977
5,190239.69999999998,103429.2,92617.7,418852.0,56177.799999999996,2485451.5,40,5,2226.574194557073,1908.8961980888078,5448.09228027517,0.0009191383294301788
0,2288781.5999999996,143013.5,124859.7,687042.2999999999,15558.9,165140.5,41,0,3206.0139279893083,2745.9280631102665,7772.901658087521,0.0014819126603145749
1,156342.9,4831540.699999999,62432.299999999996,740518.7999999999,74643.79999999999,90624.79999999999,41,1,2644.4787858726336,2265.12844126272,6295.335855683181,0.0005917875692997054
2,1136464.7,125260.79999999999,2821347.9,281007.3,27039.6,105629.29999999999,41,2,1860.0597310787305,1593.106647952436,4524.5428128762715,0.000822642109464974
3,708548.3999999999,906941.0,255387.99999999997,4043428.9,51466.1,371922.6,41,3,3479.6101581640237,2980.328884322723,8387.015631670307,0.001174079084018885
4,17299.1,78814.4,26111.399999999998,45948.7,1010241.3999999999,65604.7,41,4,278.4784384424176,238.51972286215786,669.6965140073246,0.0003059335079937158
5,190239.69999999998,103429.2,92617.7,418852.0,56177.799999999996,2485451.5,41,5,2444.2178288935597,2093.38980747538,5969.2806932220055,0.0010052271059723765
0,2288781.5999999996,143013.5,124859.7,687042.2999999999,15558.9,165140.5,42,0,3500.984221344377,2998.1646197814503,8478.351495115774,0.0016141591565761212
1,156342.9,4831540.699999999,62432.299999999996,740518.7999999999,74643.79999999999,90624.79999999999,42,1,2861.7998770943504,2450.9933218870974,6807.115504797305,0.0006389466115058058
2,1136464.7,125260.79999999999,2821347.9,281007.3,27039.6,105629.29999999999,42,2,2034.5483008125082,1742.3121064751522,4943.12643489126,0.0008967741384055911
3,708548.3999999999,906941.0,255387.99999999997,4043428.9,51466.1,371922.6,42,3,3788.6946303577624,3244.64777193479,9122.368834524841,0.0012751345157094801
4,17299.1,78814.4,26111.399999999998,45948.7,1010241.3999999999,65604.7,42,4,302.9087361839113,259.411550333216,728.0868509468821,0.00033220338268586167
5,190239.69999999998,103429.2,92617.7,418852.0,56177.799999999996,2485451.5,42,5,2678.918116661687,2294.0751868073294,6534.831803655375,0.001098248967003328
0,2288781.5999999996,143013.5,124859.7,687042.2999999999,15558.9,165140.5,43,0,3819.455438881015,3273.4626912624058,9239.691598226489,0.0017564131752241471
1,156342.9,4831540.699999999,62432.299999999996,740518.7999999999,74643.79999999999,90624.79999999999,43,1,3094.7839717497336,2652.243354478538,7355.923414199773,0.000689346664793664
2,1136464.7,125260.79999999999,2821347.9,281007.3,27039.6,105629.29999999999,43,2,2223.2074708894993,1905.4197535346855,5395.482011448975,0.0009764766334166895
3,708548.3999999999,906941.0,255387.99999999997,4043428.9,51466.1,371922.6,43,3,4121.599302490867,3532.350553848854,9914.20431116166,0.0013835764788081193
4,17299.1,78814.4,26111.399999999998,45948.7,1010241.3999999999,65604.7,43,4,329.28748168637094,282.2133457291593,791.2057170263055,0.0003605242842937296
5,190239.69999999998,103429.2,92617.7,418852.0,56177.799999999996,2485451.5,43,5,2933.222470818149,2513.9838712976675,7147.364770534938,0.0011985242108146052
0,1213485.0,91794.5,102846.79999999999,426716.5,14086.8,101108.0,44,0,4166.370238698204,3571.7201403769805,10059.71713876273,0.001909069990373309
1,91128.09999999999,2369532.1999999997,67799.2,436240.0,56219.799999999996,63782.6,44,1,3346.695739294368,2868.770731166621,7943.625202691399,0.0007431187167690539
2,104433.7,70144.9,1552348.0,176314.59999999998,17687.6,78936.2,44,2,2429.030208694264,2082.3821079551085,5883.319782455502,0.0010619410253966698
3,421966.3,427631.39999999997,173980.09999999998,2421969.1999999997,32301.499999999996,243921.3,44,3,4483.306493158067,3843.301508850154,10765.314901182313,0.0014996905224479292
4,13573.0,55363.7,16172.8,31744.999999999996,556227.0,48206.899999999994,44,4,358.04733353566286,306.93812009962227,859.3679313190964,0.0003910179818676012
5,103055.4,63965.299999999996,78333.5,252615.3,48278.299999999996,1481718.7,44,5,3211.3253607311062,2753.1052105711924,7809.399403207007,0.0013063343018912183
0,914179.0,54953.5,66829.0,296746.1,7607.599999999999,60377.799999999996,45,0,4542.111049734656,3890.3796630899355,10941.017624486089,0.0020724615720039597
1,50239.7,1613650.5,53351.899999999994,270318.3,32156.6,41533.1,45,1,3617.7706993705906,3098.8405443390025,8572.029592927052,0.0008003816792827694
2,58532.6,47294.1,920520.9999999999,115254.99999999999,13567.4,48470.1,45,2,2652.260564971207,2271.670968268422,6408.217459588451,0.0011533146229417061
3,272820.1,284002.6,119343.7,1469378.4,20739.6,149209.9,45,3,4874.177283810654,4174.878967629909,11678.31704486997,0.0016237200269715066
4,9914.099999999999,33019.7,9967.3,18580.1,367823.39999999997,36678.6,45,4,389.25235495045825,333.4001541677195,932.8961848816856,0.00042380602798485395
5,59308.899999999994,40068.0,52598.0,163754.5,28666.399999999998,966373.1,45,5,3513.6317763246475,3009.385538639891,8523.285998997033,0.0014219070567712778
0,2288781.5999999996,143013.5,124859.7,687042.2999999999,15558.9,165140.5,46,0,4943.193418251271,4233.26459908484,11885.885588038213,0.0022468360427425433
1,156342.9,4831540.699999999,62432.299999999996,740518.7999999999,74643.79999999999,90624.79999999999,46,1,3905.686916979983,3345.0182492739536,9242.853131317657,0.000861238325398076
2,1136464.7,125260.79999999999,2821347.9,281007.3,27039.6,105629.29999999999,46,2,2890.8086383242585,2475.5992355989415,6971.561174720627,0.0012506876431340515
3,708548.3999999999,906941.0,255387.99999999997,4043428.9,51466.1,371922.6,46,3,5290.66156790775,4530.949718000971,12655.57051879519,0.0017558528615559403
4,17299.1,78814.4,26111.399999999998,45948.7,1010241.3999999999,65604.7,46,4,422.65123609748804,361.95259693584984,1012.1183795579182,0.0004590079936988297
5,190239.69999999998,103429.2,92617.7,418852.0,56177.799999999996,2485451.5,46,5,3837.3197620333476,3286.0848347882215,9291.121232704518,0.0015453993918286633
0,2288781.5999999996,143013.5,124859.7,687042.2999999999,15558.9,165140.5,47,0,5372.793396495053,4604.555861530579,12896.209919303858,0.0024323341255039254
1,156342.9,4831540.699999999,62432.299999999996,740518.7999999999,74643.79999999999,90624.79999999999,47,1,4212.614354925789,3610.134692801104,9957.67890516561,0.0009257706496545519
2,1136464.7,125260.79999999999,2821347.9,281007.3,27039.6,105629.29999999999,47,2,3146.5947909331153,2696.6957634008763,7574.4763716531925,0.0013540785127297721
3,708548.3999999999,906941.0,255387.99999999997,4043428.9,51466.1,371922.6,47,3,5735.981796788179,4915.7484734518985,13699.084835278098,0.001896206148714384
4,17299.1,78814.4,26111.399999999998,45948.7,1010241.3999999999,65604.7,47,4,458.56022073445376,392.9980468779409,1097.3642635710576,0.0004967393306114753
5,190239.69999999998,103429.2,92617.7,418852.0,56177.799999999996,2485451.5,47,5,4185.122462378735,3586.786925064136,10114.648914384967,0.001676877557774746
0,2288781.5999999996,143013.5,124859.7,687042.2999999999,15558.9,165140.5,48,0,5836.664474522935,5003.5736220019035,13973.353105046022,0.002628962568450511
1,156342.9,4831540.699999999,62432.299999999996,740518.7999999999,74643.79999999999,90624.79999999999,48,1,4542.498787306698,3893.8285677567196,10717.908804189643,0.000994034632832954
2,1136464.7,125260.79999999999,2821347.9,281007.3,27039.6,105629.29999999999,48,2,3423.0926631456196,2934.5484548672175,8217.748173691958,0.0014634175041262764
3,708548.3999999999,906941.0,255387.99999999997,4043428.9,51466.1,371922.6,48,3,6215.987271598271,5328.610315410297,14810.411591768116,0.002044809122669479
4,17299.1,78814.4,26111.399999999998,45948.7,1010241.3999999999,65604.7,48,4,497.54618328475834,426.5348765930553,1188.9612617249106,0.000537108816988428
5,190239.69999999998,103429.2,92617.7,418852.0,56177.799999999996,2485451.5,48,5,4561.965515372782,3910.984936095407,10995.144747439785,0.0018162948921271827
0,2288781.5999999996,143013.5,124859.7,687042.2999999999,15558.9,165140.5,49,0,6334.621992473206,5426.129230185041,15118.012137269588,0.0028365646818112374
1,156342.9,4831540.699999999,62432.299999999996,740518.7999999999,74643.79999999999,90624.79999999999,49,1,4895.3905707069935,4193.435559497793,11524.708962849087,0.0010660544090240183
2,1136464.7,125260.79999999999,2821347.9,281007.3,27039.6,105629.29999999999,49,2,3720.1800912194135,3186.6203372910336,8901.731108195834,0.001578528882392219
3,708548.3999999999,906941.0,255387.99999999997,4043428.9,51466.1,371922.6,49,3,6730.54746022143,5765.336838032488,15990.522424418901,0.0022015841527415754
4,17299.1,78814.4,26111.399999999998,45948.7,1010241.3999999999,65604.7,49,4,539.6758411957469,462.2643532552473,1287.2293934359243,0.0005802155462620972
5,190239.69999999998,103429.2,92617.7,418852.0,56177.799999999996,2485451.5,49,5,4967.758667306615,4255.205910635635,11933.284713053388,0.0019634672692245892
0,2288781.5999999996,143013.5,124859.7,687042.2999999999,15558.9,165140.5,50,0,6861.167473642945,5875.74497779702,16330.063551775862,0.0030547883194626856
1,156342.9,4831540.699999999,62432.299999999996,740518.7999999999,74643.79999999999,90624.79999999999,50,1,5267.844948874806,4511.5245800215125,12378.948154313379,0.0011418158551246525
2,1136464.7,125260.79999999999,2821347.9,281007.3,27039.6,105629.29999999999,50,2,4034.5163759159245,3455.0207795818087,9626.24855961082,0.001699111884378426
3,708548.3999999999,906941.0,255387.99999999997,4043428.9,51466.1,371922.6,50,3,7274.179940861162,6229.571575411493,17239.67274027508,0.0023663261147023823
4,17299.1,78814.4,26111.399999999998,45948.7,1010241.3999999999,65604.7,50,4,584.559457196066,500.5818851024583,1392.4751700930453,0.0006261454200894045
5,190239.69999999998,103429.2,92617.7,418852.0,56177.799999999996,2485451.5,50,5,5397.909400634422,4622.464987682195,12928.997420018357,0.0021180466243337025
0,1213485.0,91794.5,102846.79999999999,426716.5,14086.8,101108.0,51,0,7418.21773952269,6356.895786304378,17608.393993463495,0.0032830518932130096
1,91128.09999999999,2369532.1999999997,67799.2,436240.0,56219.799999999996,63782.6,51,1,5661.47224735497,4851.447935462294,13281.129095742228,0.001221259651769553
2,104433.7,70144.9,1552348.0,176314.59999999998,17687.6,78936.2,51,2,4367.22663808959,3742.4195300584793,10390.482977822781,0.001824721030848048
3,421966.3,427631.39999999997,173980.09999999998,2421969.1999999997,32301.499999999996,243921.3,51,3,7848.9524225545265,6725.979814204304,18557.25210057543,0.0025386804359496065
4,13573.0,55363.7,16172.8,31744.999999999996,556227.0,48206.899999999994,51,4,632.4832187788801,542.018208215152,1504.9843655763339,0.0006749671150692888
5,103055.4,63965.299999999996,78333.5,252615.3,48278.299999999996,1481718.7,51,5,5854.065823664146,5016.5913134251405,13981.301730669049,0.0022794931791204035
0,914179.0,54953.5,66829.0,296746.1,7607.599999999999,60377.799999999996,52,0,8011.764931237735,6868.05379762878,18950.718902511,0.0035205093233425604
1,50239.7,1613650.5,53351.899999999994,270318.3,32156.6,41533.1,52,1,6080.8911488813455,5212.57795621138,14231.31287705722,0.001304273900866821
2,58532.6,47294.1,920520.9999999999,115254.99999999999,13567.4,48470.1,52,2,4721.867963518507,4047.8492358938333,11192.858707408872,0.001954746487504064
3,272820.1,284002.6,119343.7,1469378.4,20739.6,149209.9,52,3,8461.170100027473,7253.17583772765,19941.623026514182,0.0027181203165737473
4,9914.099999999999,33019.7,9967.3,18580.1,367823.39999999997,36678.6,52,4,684.1897124735768,586.5641937758302,1625.0135615845622,0.0007267275031020355
5,59308.899999999994,40068.0,52598.0,163754.5,28666.399999999998,966373.1,52,5,6341.330376542021,5436.291901898121,15088.132237651189,0.002447047302134491
0,2288781.5999999996,143013.5,124859.7,687042.2999999999,15558.9,165140.5,53,0,8640.731319682644,7402.684028459075,20353.39339102336,0.0037660152046954994
1,156342.9,4831540.699999999,62432.299999999996,740518.7999999999,74643.79999999999,90624.79999999999,53,1,6525.996425641904,5590.927579771486,15229.037050238912,0.001390686428815999
2,1136464.7,125260.79999999999,2821347.9,281007.3,27039.6,105629.29999999999,53,2,5097.716141856632,4367.31215773407,12030.920334886929,0.0020883954366873333
3,708548.3999999999,906941.0,255387.99999999997,4043428.9,51466.1,371922.6,53,3,9109.999306296022,7804.712058576283,21389.951114084608,0.002903923838041346
4,17299.1,78814.4,26111.399999999998,45948.7,1010241.3999999999,65604.7,53,4,739.7689900544037,633.7446970984481,1752.78038439275,0.0007814465210863727
5,190239.69999999998,103429.2,92617.7,418852.0,56177.799999999996,2485451.5,53,5,6858.75894297448,5875.993846780272,16246.156743017962,0.0026197022965935347
0,2288781.5999999996,143013.5,124859.7,687042.2999999999,15558.9,165140.5,54,0,9297.102676914652,7961.948538328549,21811.22112882375,0.004018091896394006
1,156342.9,4831540.699999999,62432.299999999996,740518.7999999999,74643.79999999999,90624.79999999999,54,1,6991.98482396961,5987.928554214297,16273.22832047862,0.0014802569562107168
2,1136464.7,125260.79999999999,2821347.9,281007.3,27039.6,105629.29999999999,54,2,5489.852685917005,4701.43062265669,12901.210669645116,0.0022246756887846922
3,708548.3999999999,906941.0,255387.99999999997,4043428.9,51466.1,371922.6,54,3,9787.577790373203,8382.041221761143,22898.03067996279,0.0030951519112088727
4,17299.1,78814.4,26111.399999999998,45948.7,1010241.3999999999,65604.7,54,4,798.6479900455586,683.8541344922529,1888.4523736699534,0.0008391115071390621
5,190239.69999999998,103429.2,92617.7,418852.0,56177.799999999996,2485451.5,54,5,7399.468846458286,6336.62780518492,17450.591778326627,0.0027961798073766696
0,2288781.5999999996,143013.5,124859.7,687042.2999999999,15558.9,165140.5,55,0,9978.803453282188,8549.714032423844,23317.269046494566,0.004274900708505902
1,156342.9,4831540.699999999,62432.299999999996,740518.7999999999,74643.79999999999,90624.79999999999,55,1,7478.21971773161,6407.403590211189,17362.111268396784,0.0015726693738204987
2,1136464.7,125260.79999999999,2821347.9,281007.3,27039.6,105629.29999999999,55,2,5896.92503006106,5052.3914099685535,13799.153852027246,0.00236238303425332
3,708548.3999999999,906941.0,255387.99999999997,4043428.9,51466.1,371922.6,55,3,10492.133276830427,8989.59697249952,24460.111700918897,0.0032906282780734036
4,17299.1,78814.4,26111.399999999998,45948.7,1010241.3999999999,65604.7,55,4,860.8417736764542,737.600111102318,2032.134459100028,0.0008996710486874578
5,190239.69999999998,103429.2,92617.7,418852.0,56177.799999999996,2485451.5,55,5,7961.590662792164,6821.3697082614835,18695.024365070865,0.0029749099577976307
0,2288781.5999999996,143013.5,124859.7,687042.2999999999,15558.9,165140.5,56,0,10690.42506896085,9163.395966861133,24862.69782037115,0.004534219831895423
1,156342.9,4831540.699999999,62432.299999999996,740518.7999999999,74643.79999999999,90624.79999999999,56,1,7989.677957889726,6848.6018193102345,18493.115103480828,0.0016675244295749434
2,1136464.7,125260.79999999999,2821347.9,281007.3,27039.6,105629.29999999999,56,2,6321.471106434616,5418.503027180062,14718.950561226402,0.002500094088156498
3,708548.3999999999,906941.0,255387.99999999997,4043428.9,51466.1,371922.6,56,3,11229.12308942028,9625.192818500684,26068.73551436372,0.00348892305354483
4,17299.1,78814.4,26111.399999999998,45948.7,1010241.3999999999,65604.7,56,4,927.3013894417356,795.0055997223899,2183.8550688988325,0.0009630284234005984
5,190239.69999999998,103429.2,92617.7,418852.0,56177.799999999996,2485451.5,56,5,8548.811026981866,7327.863445712254,19971.250564064994,0.0031540187289902286
0,2288781.5999999996,143013.5,124859.7,687042.2999999999,15558.9,165140.5,57,0,11429.590767570371,9794.173858559054,26436.620304631593,0.004793432094139251
1,156342.9,4831540.699999999,62432.299999999996,740518.7999999999,74643.79999999999,90624.79999999999,57,1,8526.300083715727,7306.233767014745,19662.781095990766,0.0017643331997368153
2,1136464.7,125260.79999999999,2821347.9,281007.3,27039.6,105629.29999999999,57,2,6761.852011346104,5794.339267654387,15653.493780771281,0.002636166574039243
3,708548.3999999999,906941.0,255387.99999999997,4043428.9,51466.1,371922.6,57,3,11996.812070636388,10280.19373517927,27714.588543537513,0.003688341553802508
4,17299.1,78814.4,26111.399999999998,45948.7,1010241.3999999999,65604.7,57,4,998.2093466081217,855.3968059148663,2343.550957973474,0.001029034757505066
5,190239.69999999998,103429.2,92617.7,418852.0,56177.799999999996,2485451.5,57,5,9158.84496957759,7848.4135465050895,21269.143754027467,0.003331325429530682
0,1213485.0,91794.5,102846.79999999999,426716.5,14086.8,101108.0,58,0,12186.469875232646,10437.944941967193,28026.002137004354,0.0050495259641147065
1,91128.09999999999,2369532.1999999997,67799.2,436240.0,56219.799999999996,63782.6,58,1,9082.392257633746,7778.368898500678,20866.67404208863,0.0018625117857339957
2,104433.7,70144.9,1552348.0,176314.59999999998,17687.6,78936.2,58,2,7211.990895705072,6177.304864692294,16594.31493120831,0.0027687490881386644
3,421966.3,427631.39999999997,173980.09999999998,2421969.1999999997,32301.499999999996,243921.3,58,3,12785.666983699963,10950.816221301062,29386.38508312191,0.0038869203774195057
4,13573.0,55363.7,16172.8,31744.999999999996,556227.0,48206.899999999994,58,4,1072.8538097294952,918.590857919497,2511.0509242040534,0.0010974820776426413
5,103055.4,63965.299999999996,78333.5,252615.3,48278.299999999996,1481718.7,58,5,9783.039673911848,8379.325967551144,22576.567794350205,0.003504353302959811
0,914179.0,54953.5,66829.0,296746.1,7607.599999999999,60377.799999999996,59,0,12952.444297084161,11095.472731047927,29615.620419814662,0.005299113393416366
1,50239.7,1613650.5,53351.899999999994,270318.3,32156.6,41533.1,59,1,9652.57780233905,8268.668276268974,22099.301858068782,0.0019613777410608046
2,58532.6,47294.1,920520.9999999999,115254.99999999999,13567.4,48470.1,59,2,7666.60863948938,6567.452739960853,17531.571212468607,0.002895802326076972
3,272820.1,284002.6,119343.7,1469378.4,20739.6,149209.9,59,3,13587.165212203807,11639.196215277036,31070.791769433374,0.004082432846914328
4,9914.099999999999,33019.7,9967.3,18580.1,367823.39999999997,36678.6,59,4,1150.498882889065,985.4823692894299,2686.0586803314545,0.0011680964914715665
5,59308.899999999994,40068.0,52598.0,163754.5,28666.399999999998,966373.1,59,5,10413.840399040651,8920.71550980447,23879.351967111044,0.0036703563047575795
0,2288781.5999999996,143013.5,124859.7,687042.2999999999,15558.9,165140.5,60,0,13726.916159719854,11762.521505288343,31188.097358531588,0.00553846798328474
1,156342.9,4831540.699999999,62432.299999999996,740518.7999999999,74643.79999999999,90624.79999999999,60,1,10240.571533481414,8776.555976820215,23354.048134525445,0.002060148783488098
2,1136464.7,125260.79999999999,2821347.9,281007.3,27039.6,105629.29999999999,60,2,8124.808576150372,6961.922245024463,18454.0854841034,0.003015133486968679
3,708548.3999999999,906941.0,255387.99999999997,4043428.9,51466.1,371922.6,60,3,14402.482185463354,12342.033601025856,32752.407556487804,0.0042724059367274725
4,17299.1,78814.4,26111.399999999998,45948.7,1010241.3999999999,65604.7,60,4,1232.1493086841074,1056.2427644666282,2868.1352664220894,0.0012405317971917837
5,190239.69999999998,103429.2,92617.7,418852.0,56177.799999999996,2485451.5,60,5,11049.98202103362,9468.492176401143,25161.345486739752,0.003826364758542024
0,2288781.5999999996,143013.5,124859.7,687042.2999999999,15558.9,165140.5,61,0,14504.356129022199,12430.040410555139,32724.025668881142,0.005763586504389379
1,156342.9,4831540.699999999,62432.299999999996,740518.7999999999,74643.79999999999,90624.79999999999,61,1,10846.49749595451,9296.668396193003,24623.123155509416,0.002157944378237099
2,1136464.7,125260.79999999999,2821347.9,281007.3,27039.6,105629.29999999999,61,2,8582.74737874064,7355.137650725567,19349.449691726142,0.0031244450433617825
3,708548.3999999999,906941.0,255387.99999999997,4043428.9,51466.1,371922.6,61,3,15227.67845085283,13050.48644294008,34413.81357516063,0.00445415065906371
4,17299.1,78814.4,26111.399999999998,45948.7,1010241.3999999999,65604.7,61,4,1318.2516878408796,1130.1564555232173,3056.6815226449203,0.0013143638903823267
5,190239.69999999998,103429.2,92617.7,418852.0,56177.799999999996,2485451.5,61,5,11685.955900249795,10014.619353568058,26404.568985540733,0.00396925188740678
0,2288781.5999999996,143013.5,124859.7,687042.2999999999,15558.9,165140.5,62,0,15275.174546545888,13089.036112450442,34202.20106476645,0.005970275883643927
1,156342.9,4831540.699999999,62432.299999999996,740518.7999999999,74643.79999999999,90624.79999999999,62,1,11465.168646891656,9821.960367729293,25897.539431554294,0.0022537907782243043
2,1136464.7,125260.79999999999,2821347.9,281007.3,27039.6,105629.29999999999,62,2,9034.462233543045,7741.781388184121,20204.201458491036,0.0032213982439044378
3,708548.3999999999,906941.0,255387.99999999997,4043428.9,51466.1,371922.6,62,3,16053.580540985447,13755.025795984231,36035.70688826864,0.004624807502185952
4,17299.1,78814.4,26111.399999999998,45948.7,1010241.3999999999,65604.7,62,4,1408.170745927258,1206.0617311906035,3250.9212909453163,0.0013890864038209763
5,190239.69999999998,103429.2,92617.7,418852.0,56177.799999999996,2485451.5,62,5,12313.141743498454,10551.397824864078,27589.478287517624,0.004095822043937518
0,2288781.5999999996,143013.5,124859.7,687042.2999999999,15558.9,165140.5,63,0,16027.955186887542,13734.267086939642,35599.973862664374,0.006154266342532532
1,156342.9,4831540.699999999,62432.299999999996,740518.7999999999,74643.79999999999,90624.79999999999,63,1,12087.211204655658,10353.131579182536,27167.118125127643,0.0023466300677135745
2,1136464.7,125260.79999999999,2821347.9,281007.3,27039.6,105629.29999999999,63,2,9473.269195178429,8118.152260348376,21004.0807686106,0.003303690591946016
3,708548.3999999999,906941.0,255387.99999999997,4043428.9,51466.1,371922.6,63,3,16867.884356884333,14452.131961731524,37597.13058544819,0.004781407875138956
4,17299.1,78814.4,26111.399999999998,45948.7,1010241.3999999999,65604.7,63,4,1500.314951866836,1284.5241870707405,3449.8861714142295,0.001464108076509905
5,190239.69999999998,103429.2,92617.7,418852.0,56177.799999999996,2485451.5,63,5,12921.827893579217,11073.476544937615,28695.351576814766,0.004202919807079729
0,2288781.5999999996,143013.5,124859.7,687042.2999999999,15558.9,165140.5,64,0,16758.344901905275,14353.877510136224,36893.72642238702,0.0063113494093615975
1,156342.9,4831540.699999999,62432.299999999996,740518.7999999999,74643.79999999999,90624.79999999999,64,1,12710.657142266808,10888.88225221305,28420.532767858414,0.0024353336657611177
2,1136464.7,125260.79999999999,2821347.9,281007.3,27039.6,105629.29999999999,64,2,9896.432356813852,8476.24991591093,21734.369524363374,0.0033691451532331385
3,708548.3999999999,906941.0,255387.99999999997,4043428.9,51466.1,371922.6,64,3,17666.549923732804,15132.605345864373,39075.809635010984,0.004920951585132
4,17299.1,78814.4,26111.399999999998,45948.7,1010241.3999999999,65604.7,64,4,1594.4915866103895,1366.0902291319314,3652.4028159603063,0.0015387523943768148
5,190239.69999999998,103429.2,92617.7,418852.0,56177.799999999996,2485451.5,64,5,13508.022000620695,11569.316889413329,29700.804487679274,0.004287557017874692
0,1213485.0,91794.5,102846.79999999999,426716.5,14086.8,101108.0,65,0,17446.427752010346,14938.739359446397,38059.47569308894,0.006437537091942309
1,91128.09999999999,2369532.1999999997,67799.2,436240.0,56219.799999999996,63782.6,65,1,13333.108491294348,11424.960729880933,29645.396281632427,0.002518720597331878
2,104433.7,70144.9,1552348.0,176314.59999999998,17687.6,78936.2,65,2,10290.565197671129,8810.357047473151,22380.311146618067,0.003415807980511783
3,421966.3,427631.39999999997,173980.09999999998,2421969.1999999997,32301.499999999996,243921.3,65,3,18433.981501947335,15787.916335576048,40448.59725093144,0.005040499165335679
4,13573.0,55363.7,16172.8,31744.999999999996,556227.0,48206.899999999994,65,4,1691.5691426446215,1450.3395838349095,3857.083886029923,0.0016122600678417781
5,103055.4,63965.299999999996,78333.5,252615.3,48278.299999999996,1481718.7,65,5,14052.410113451575,12030.630182864586,30584.4286592677,0.004347052420624715
0,914179.0,54953.5,66829.0,296746.1,7607.599999999999,60377.799999999996,66,0,18077.179803796404,15482.742438587604,39073.59069720206,0.006529235742699655
1,50239.7,1613650.5,53351.899999999994,270318.3,32156.6,41533.1,66,1,13949.587045077438,11954.25049364683,30828.396425632058,0.0025955806277652713
2,58532.6,47294.1,920520.9999999999,115254.99999999999,13567.4,48470.1,66,2,10646.01375421813,9117.228824848384,22927.6004968885,0.0034420483548750517
3,272820.1,284002.6,119343.7,1469378.4,20739.6,149209.9,66,3,19156.97831534555,16410.45241046839,41692.03020117127,0.005137276429653052
4,9914.099999999999,33019.7,9967.3,18580.1,367823.39999999997,36678.6,66,4,1791.392121630286,1535.886124712124,4062.323916706882,0.0016837949001779675
5,59308.899999999994,40068.0,52598.0,163754.5,28666.399999999998,966373.1,66,5,14541.040849959849,12452.649959739574,31325.538213334836,0.004379176095617446
0,2288781.5999999996,143013.5,124859.7,687042.2999999999,15558.9,165140.5,67,0,18644.463655983593,15982.552025061394,39913.60383050165,0.006583425339517473
1,156342.9,4831540.699999999,62432.299999999996,740518.7999999999,74643.79999999999,90624.79999999999,67,1,14553.464932289888,12470.83153475584,31955.483320976975,0.0026647020804955253
2,1136464.7,125260.79999999999,2821347.9,281007.3,27039.6,105629.29999999999,67,2,10959.493788620499,9395.390771038668,23362.926654970848,0.0034466551429474615
3,708548.3999999999,906941.0,255387.99999999997,4043428.9,51466.1,371922.6,67,3,19828.03589824271,16995.114961827363,42782.98362898566,0.005208787055841627
4,17299.1,78814.4,26111.399999999998,45948.7,1010241.3999999999,65604.7,67,4,1892.724617459435,1621.454400733944,4266.301397302828,0.0017524535443766418
5,190239.69999999998,103429.2,92617.7,418852.0,56177.799999999996,2485451.5,67,5,14969.12654870772,12833.182391776887,31904.996141880685,0.004382288647285406
0,2288781.5999999996,143013.5,124859.7,687042.2999999999,15558.9,165140.5,68,0,19150.637773270515,16421.388622922193,40559.083209497774,0.006597832409762702
1,156342.9,4831540.699999999,62432.299999999996,740518.7999999999,74643.79999999999,90624.79999999999,68,1,15136.88892829175,12970.938897450354,33012.1106087141,0.0027249038258486805
2,1136464.7,125260.79999999999,2821347.9,281007.3,27039.6,105629.29999999999,68,2,11233.762652410735,9633.890064404331,23674.54317980615,0.003428921603327198
3,708548.3999999999,906941.0,255387.99999999997,4043428.9,51466.1,371922.6,68,3,20445.252718154195,17527.816092138233,43699.40697061846,0.005252927441642558
4,17299.1,78814.4,26111.399999999998,45948.7,1010241.3999999999,65604.7,68,4,1993.3888817375864,1707.3723805728612,4466.988376665846,0.0018172795348275056
5,190239.69999999998,103429.2,92617.7,418852.0,56177.799999999996,2485451.5,68,5,15340.576173504156,13156.479419332929,32306.079895679595,0.004355463550282821
0,2288781.5999999996,143013.5,124859.7,687042.2999999999,15558.9,165140.5,69,0,19585.438886898883,16781.26776184306,40992.522131968915,0.006571083078980397
1,156342.9,4831540.699999999,62432.299999999996,740518.7999999999,74643.79999999999,90624.79999999999,69,1,15695.629147154988,13446.63293708726,33983.529079425134,0.0027750705563742355
2,1136464.7,125260.79999999999,2821347.9,281007.3,27039.6,105629.29999999999,69,2,11462.432682340359,9821.536215975222,23852.833336109456,0.003388710695558351
3,708548.3999999999,906941.0,255387.99999999997,4043428.9,51466.1,371922.6,69,3,20999.056653137424,17991.682516831945,44421.11308349302,0.0052680967399411395
4,17299.1,78814.4,26111.399999999998,45948.7,1010241.3999999999,65604.7,69,4,2093.119979450145,1793.0012199733733,4662.168807026092,0.0018772818057089056
5,190239.69999999998,103429.2,92617.7,418852.0,56177.799999999996,2485451.5,69,5,15646.247962339345,13406.454059211468,32515.33410027416,0.004298580569379809
0,2288781.5999999996,143013.5,124859.7,687042.2999999999,15558.9,165140.5,70,0,19920.969292233705,17058.10748623501,41200.19247654584,0.006502822175000098
1,156342.9,4831540.699999999,62432.299999999996,740518.7999999999,74643.79999999999,90624.79999999999,70,1,16219.14626345539,13892.919756162886,34855.12834309823,0.002814190077189121
2,1136464.7,125260.79999999999,2821347.9,281007.3,27039.6,105629.29999999999,70,2,11627.931725170167,9956.326580326688,23890.832460401187,0.003326493554057648
3,708548.3999999999,906941.0,255387.99999999997,4043428.9,51466.1,371922.6,70,3,21464.00666898522,18381.25926389128,44930.58365346279,0.005253294086349724
4,17299.1,78814.4,26111.399999999998,45948.7,1010241.3999999999,65604.7,70,4,2191.4132183865836,1877.4401562849027,4849.466631713581,0.0019314576671274415
5,190239.69999999998,103429.2,92617.7,418852.0,56177.799999999996,2485451.5,70,5,15860.968553176475,13580.32823065039,32523.350099547657,0.004212379098755527
0,2288781.5999999996,143013.5,124859.7,687042.2999999999,15558.9,165140.5,71,0,20145.955946544593,17260.85388823202,41172.90310739764,0.006393785328426272
1,156342.9,4831540.699999999,62432.299999999996,740518.7999999999,74643.79999999999,90624.79999999999,71,1,16699.329292172504,14308.095153616909,35612.81843356237,0.0028413909731138222
2,1136464.7,125260.79999999999,2821347.9,281007.3,27039.6,105629.29999999999,71,2,11723.801372574193,10044.784263201294,23784.667251800725,0.0032433553897604364
3,708548.3999999999,906941.0,255387.99999999997,4043428.9,51466.1,371922.6,71,3,21827.869451540046,18702.05107619173,45213.74642501547,0.005208194810082288
4,17299.1,78814.4,26111.399999999998,45948.7,1010241.3999999999,65604.7,71,4,2287.160705294067,1959.672092603967,5026.38428247753,0.0019788199060520343
5,190239.69999999998,103429.2,92617.7,418852.0,56177.799999999996,2485451.5,71,5,15975.641731379335,13687.666190714777,32325.408742186835,0.004098462785264466
0,1213485.0,91794.5,102846.79999999999,426716.5,14086.8,101108.0,72,0,20268.48761529691,17381.89584128774,40906.60350416992,0.0062458137695320035
1,91128.09999999999,2369532.1999999997,67799.2,436240.0,56219.799999999996,63782.6,72,1,17133.791006745287,14686.612221490866,36243.439393970235,0.002855978710151561
2,104433.7,70144.9,1552348.0,176314.59999999998,17687.6,78936.2,72,2,11756.111934024108,10082.587690431981,23533.873210716712,0.0031409656254061708
3,421966.3,427631.39999999997,173980.09999999998,2421969.1999999997,32301.499999999996,243921.3,72,3,22095.124227607786,18945.704363496392,45260.674969616346,0.0051331980444679435
4,13573.0,55363.7,16172.8,31744.999999999996,556227.0,48206.899999999994,72,4,2379.287746897413,2038.965808961194,5190.35177278211,0.002018427324024389
5,103055.4,63965.299999999996,78333.5,252615.3,48278.299999999996,1481718.7,72,5,15999.310121050914,13722.471198811374,31921.925952871912,0.003959250828543227
0,914179.0,54953.5,66829.0,296746.1,7607.599999999999,60377.799999999996,73,0,20297.589320044844,17396.6960779266,40402.77794430813,0.0060618059518134934
1,50239.7,1613650.5,53351.899999999994,270318.3,32156.6,41533.1,73,1,17521.603016570036,15014.180852518042,36735.18317966522,0.0028574680325190545
2,58532.6,47294.1,920520.9999999999,115254.99999999999,13567.4,48470.1,73,2,11731.342658082069,10055.115705606659,23141.557232353684,0.0030215123319085766
3,272820.1,284002.6,119343.7,1469378.4,20739.6,149209.9,73,3,22271.651408932357,19087.28852327707,45066.16066441473,0.005029439712609838
4,9914.099999999999,33019.7,9967.3,18580.1,367823.39999999997,36678.6,73,4,2467.016473033119,2113.740109540434,5338.7859582721885,0.002049417639852866
5,59308.899999999994,40068.0,52598.0,163754.5,28666.399999999998,966373.1,73,5,15941.617788011567,13664.126484561333,31318.65094565882,0.003797876510024178
0,2288781.5999999996,143013.5,124859.7,687042.2999999999,15558.9,165140.5,74,0,20208.00936544286,17301.69609226917,39668.58699649652,0.005845605843511486
1,156342.9,4831540.699999999,62432.299999999996,740518.7999999999,74643.79999999999,90624.79999999999,74,1,17846.692379628577,15284.66215576145,37078.009014757554,0.002845609470929061
2,1136464.7,125260.79999999999,2821347.9,281007.3,27039.6,105629.29999999999,74,2,11634.674850827754,9960.95284542648,22614.382445975083,0.00288760462254518
3,708548.3999999999,906941.0,255387.99999999997,4043428.9,51466.1,371922.6,74,3,22331.085721076463,19121.053551158733,44630.11010709917,0.004898767310697387
4,17299.1,78814.4,26111.399999999998,45948.7,1010241.3999999999,65604.7,74,4,2548.443356012258,2182.8876112312464,5469.1588050092105,0.0020710413060307793
5,190239.69999999998,103429.2,92617.7,418852.0,56177.799999999996,2485451.5,74,5,15781.85817515001,13511.022782611739,30526.58422334802,0.003618039135258112
0,2288781.5999999996,143013.5,124859.7,687042.2999999999,15558.9,165140.5,75,0,19990.01228802554,17116.484875092523,38716.730341718285,0.005601834034786792
1,156342.9,4831540.699999999,62432.299999999996,740518.7999999999,74643.79999999999,90624.79999999999,75,1,18098.36085359706,15501.666893872414,37264.03105074693,0.002820407916720753
2,1136464.7,125260.79999999999,2821347.9,281007.3,27039.6,105629.29999999999,75,2,11461.14797474949,9813.128657604242,21962.366058078915,0.0027421500741086594
3,708548.3999999999,906941.0,255387.99999999997,4043428.9,51466.1,371922.6,75,3,22260.947582567314,19062.796263011474,43957.729682460595,0.004743676048188009
4,17299.1,78814.4,26111.399999999998,45948.7,1010241.3999999999,65604.7,75,4,2621.8659928020447,2246.000041152631,5579.072699840828,0.0020826944546803888
5,190239.69999999998,103429.2,92617.7,418852.0,56177.799999999996,2485451.5,75,5,15513.555539301296,13282.310074621952,29561.605388594784,0.0034238208368502247
0,2288781.5999999996,143013.5,124859.7,687042.2999999999,15558.9,165140.5,76,0,19660.432663217125,16854.737486961603,37565.026581469676,0.005335673821937316
1,156342.9,4831540.699999999,62432.299999999996,740518.7999999999,74643.79999999999,90624.79999999999,76,1,18278.696560371205,15667.306487024072,37287.85618540017,0.002782131556442095
2,1136464.7,125260.79999999999,2821347.9,281007.3,27039.6,105629.29999999999,76,2,11222.081070976303,9620.777646546969,21198.496832863715,0.002588216950270993
3,708548.3999999999,906941.0,255387.99999999997,4043428.9,51466.1,371922.6,76,3,22074.372187695262,18923.38291407627,43059.472140815116,0.004567209388426571
4,17299.1,78814.4,26111.399999999998,45948.7,1010241.3999999999,65604.7,76,4,2686.727884517709,2302.7158061014657,5666.340015250155,0.0020839489503348954
5,190239.69999999998,103429.2,92617.7,418852.0,56177.799999999996,2485451.5,76,5,15153.489674883644,12991.493992181242,28443.82679549785,0.003219483710434281
0,2288781.5999999996,143013.5,124859.7,687042.2999999999,15558.9,165140.5,77,0,19246.87722368984,16497.96502923085,36235.7294393512,0.005052629219994945
1,156342.9,4831540.699999999,62432.299999999996,740518.7999999999,74643.79999999999,90624.79999999999,77,1,18396.02046155213,15765.830607090345,37146.85052164594,0.002731309996393339
2,1136464.7,125260.79999999999,2821347.9,281007.3,27039.6,105629.29999999999,77,2,10935.193003531587,9373.607812231676,20338.195046454635,0.0024288925559497287
3,708548.3999999999,906941.0,255387.99999999997,4043428.9,51466.1,371922.6,77,3,21795.464054073575,18681.65328102673,41950.73688037859,0.004372830421437942
4,17299.1,78814.4,26111.399999999998,45948.7,1010241.3999999999,65604.7,77,4,2743.162459076378,2350.788712451124,5729.063381121691,0.002074577430718423
5,190239.69999999998,103429.2,92617.7,418852.0,56177.799999999996,2485451.5,77,5,14727.487733354921,12624.63562596215,27196.714926398665,0.0030092648382065677
0,2288781.5999999996,143013.5,124859.7,687042.2999999999,15558.9,165140.5,78,0,18735.798806538653,16046.083409753794,34754.62278035848,0.004758274638907935
1,156342.9,4831540.699999999,62432.299999999996,740518.7999999999,74643.79999999999,90624.79999999999,78,1,18435.849706096724,15790.511198848475,36841.315365109556,0.0026687211037919076
2,1136464.7,125260.79999999999,2821347.9,281007.3,27039.6,105629.29999999999,78,2,10593.329197935613,9072.551553379531,19398.65217827387,0.002267149188999115
3,708548.3999999999,906941.0,255387.99999999997,4043428.9,51466.1,371922.6,78,3,21407.400126851186,18334.330148468292,40651.33454386009,0.004164273318513826
4,17299.1,78814.4,26111.399999999998,45948.7,1010241.3999999999,65604.7,78,4,2788.8876059257595,2388.784903615486,5765.712508257417,0.002054571303021836
5,190239.69999999998,103429.2,92617.7,418852.0,56177.799999999996,2485451.5,78,5,14226.188768295513,12183.769735247128,25846.04354946332,0.00279718651928841
0,1213485.0,91794.5,102846.79999999999,426716.5,14086.8,101108.0,79,0,18124.672234956364,15519.847616688709,33149.95621575811,0.0044580162771955785
1,91128.09999999999,2369532.1999999997,67799.2,436240.0,56219.799999999996,63782.6,79,1,18387.70758721575,15748.189677548942,36374.55788274693,0.002595366891845188
2,104433.7,70144.9,1552348.0,176314.59999999998,17687.6,78936.2,79,2,10196.236638395465,8730.688561911782,18398.098286268625,0.0021057278599239085
3,421966.3,427631.39999999997,173980.09999999998,2421969.1999999997,32301.499999999996,243921.3,79,3,20903.45376961868,17900.110661884355,39184.745486966436,0.003945385949578882
4,13573.0,55363.7,16172.8,31744.999999999996,556227.0,48206.899999999994,79,4,2821.80106461161,2416.9118988438036,5775.193046104649,0.0020241499561130024
5,103055.4,63965.299999999996,78333.5,252615.3,48278.299999999996,1481718.7,79,5,13650.18519572299,11687.894122601727,24418.758031549485,0.0025868965264839567
0,914179.0,54953.5,66829.0,296746.1,7607.599999999999,60377.799999999996,80,0,17433.232188496677,14942.490414103568,31451.296174331866,0.004156883113837149
1,50239.7,1613650.5,53351.899999999994,270318.3,32156.6,41533.1,80,1,18257.689891986145,15648.961079084329,35752.84737193084,0.002512439600727566
2,58532.6,47294.1,920520.9999999999,115254.99999999999,13567.4,48470.1,80,2,9756.311788733925,8362.253213810152,17355.050485202046,0.0019470474581595788
3,272820.1,284002.6,119343.7,1469378.4,20739.6,149209.9,80,3,20301.40913598491,17401.184608416002,37577.21842815801,0.0037199753151369976
4,9914.099999999999,33019.7,9967.3,18580.1,367823.39999999997,36678.6,80,4,2841.9900158695646,2435.9130461303093,5756.9029231447485,0.0019837599490613467
5,59308.899999999994,40068.0,52598.0,163754.5,28666.399999999998,966373.1,80,5,13017.486634101571,11157.420286908302,22941.836467113233,0.0023815489181674547
0,2288781.5999999996,143013.5,124859.7,687042.2999999999,15558.9,165140.5,81,0,16692.946978514563,14308.456312144266,29688.372501172664,0.0038593611284263025
1,156342.9,4831540.699999999,62432.299999999996,740518.7999999999,74643.79999999999,90624.79999999999,81,1,18062.290283626455,15481.143475929079,34985.25510560709,0.002421279884902046
2,1136464.7,125260.79999999999,2821347.9,281007.3,27039.6,105629.29999999999,81,2,9292.359712549913,7964.949236980472,16287.595523015232,0.0017931437928085162
3,708548.3999999999,906941.0,255387.99999999997,4043428.9,51466.1,371922.6,81,3,19632.79626728815,16828.33277366402,35856.76810072604,0.0034916666810479806
4,17299.1,78814.4,26111.399999999998,45948.7,1010241.3999999999,65604.7,81,4,2851.0466069867803,2443.5694775780366,5710.7719717740965,0.0019340636147737503
5,190239.69999999998,103429.2,92617.7,418852.0,56177.799999999996,2485451.5,81,5,12354.729314106555,10589.918019122599,21441.229779750403,0.0021837306346495734
0,2288781.5999999996,143013.5,124859.7,687042.2999999999,15558.9,165140.5,82,0,15903.57949416266,13623.489878548553,27889.997358464014,0.0035692788101533424
1,156342.9,4831540.699999999,62432.299999999996,740518.7999999999,74643.79999999999,90624.79999999999,82,1,17793.26080854802,15240.837985994685,34083.383328190284,0.002323329620973361
2,1136464.7,125260.79999999999,2821347.9,281007.3,27039.6,105629.29999999999,82,2,8805.110999123775,7542.984214071153,15212.753353504912,0.001645639467798569
3,708548.3999999999,906941.0,255387.99999999997,4043428.9,51466.1,371922.6,82,3,18894.162516477045,16184.510988045384,34052.13747634346,0.003263785349727857
4,17299.1,78814.4,26111.399999999998,45948.7,1010241.3999999999,65604.7,82,4,2847.136662319187,2438.6296811217057,5637.281401497769,0.0018759173163898871
5,190239.69999999998,103429.2,92617.7,418852.0,56177.799999999996,2485451.5,82,5,11663.65185482445,9991.960309989252,19940.9504665744,0.001995433709150567
0,2288781.5999999996,143013.5,124859.7,687042.2999999999,15558.9,165140.5,83,0,15070.146587732159,12906.024309833605,26083.122169561506,0.0032897460592778206
1,156342.9,4831540.699999999,62432.299999999996,740518.7999999999,74643.79999999999,90624.79999999999,83,1,17443.774298421584,14938.658401926294,33060.99646192651,0.0022200822270347638
2,1136464.7,125260.79999999999,2821347.9,281007.3,27039.6,105629.29999999999,83,2,8298.557117691855,7107.080670640472,14145.957910892706,0.001505742394610709
3,708548.3999999999,906941.0,255387.99999999997,4043428.9,51466.1,371922.6,83,3,18086.854679698557,15488.981539095323,32191.790372385723,0.00303926718545033
4,17299.1,78814.4,26111.399999999998,45948.7,1010241.3999999999,65604.7,83,4,2828.378919507301,2422.177920655884,5537.460828147853,0.0018103404306364901
5,190239.69999999998,103429.2,92617.7,418852.0,56177.799999999996,2485451.5,83,5,10950.695408566231,9378.524539279168,18462.3603726813,0.0018180682585792656
0,2288781.5999999996,143013.5,124859.7,687042.2999999999,15558.9,165140.5,84,0,14209.611307160489,12176.619044750953,24292.081386998292,0.0030231431430873513
1,156342.9,4831540.699999999,62432.299999999996,740518.7999999999,74643.79999999999,90624.79999999999,84,1,17023.689274877463,14590.798898073259,31933.574196705802,0.002113033490084642
2,1136464.7,125260.79999999999,2821347.9,281007.3,27039.6,105629.29999999999,84,2,7782.464637986806,6668.64192020651,13100.677705305003,0.0013742683125595985
3,708548.3999999999,906941.0,255387.99999999997,4043428.9,51466.1,371922.6,84,3,17228.847326227104,14765.145516464887,30302.994156348872,0.002820600780390465
4,17299.1,78814.4,26111.399999999998,45948.7,1010241.3999999999,65604.7,84,4,2795.756904385248,2396.3720882046387,5412.862014049592,0.0017384769093889215
5,190239.69999999998,103429.2,92617.7,418852.0,56177.799999999996,2485451.5,84,5,10229.41826142826,8765.09202972195,17023.684898969903,0.0016525080843524899
0,2288781.5999999996,143013.5,124859.7,687042.2999999999,15558.9,165140.5,85,0,13345.32502739787,11437.405332797402,22538.051526542462,0.002771152142159098
1,156342.9,4831540.699999999,62432.299999999996,740518.7999999999,74643.79999999999,90624.79999999999,85,1,16555.000589219635,14190.89319192506,30717.811199219825,0.0020036357240694564
2,1136464.7,125260.79999999999,2821347.9,281007.3,27039.6,105629.29999999999,85,2,7269.300475758349,6229.612728335917,12088.184366366837,0.0012516812083888027
3,708548.3999999999,906941.0,255387.99999999997,4043428.9,51466.1,371922.6,85,3,16348.371471135524,14012.507728894076,28411.04084137982,0.002609800973984702
4,17299.1,78814.4,26111.399999999998,45948.7,1010241.3999999999,65604.7,85,4,2752.4937913345498,2359.5822863486255,5265.510098243906,0.0016615518913016484
5,190239.69999999998,103429.2,92617.7,418852.0,56177.799999999996,2485451.5,85,5,9516.330053592386,8154.936518617269,15639.757739391114,0.001499158978834881
0,1213485.0,91794.5,102846.79999999999,426716.5,14086.8,101108.0,86,0,12482.66291223551,10696.097663134196,20838.732993303984,0.0025348207039261883
1,91128.09999999999,2369532.1999999997,67799.2,436240.0,56219.799999999996,63782.6,86,1,16036.819555319926,13737.686084526777,29431.091177120463,0.0018932576561768728
2,104433.7,70144.9,1552348.0,176314.59999999998,17687.6,78936.2,86,2,6762.454580236095,5794.9558573683025,11117.463771575478,0.0011381450381787678
3,421966.3,427631.39999999997,173980.09999999998,2421969.1999999997,32301.499999999996,243921.3,86,3,15449.885328792016,13237.229615404389,26538.639809790016,0.002408410730694539
4,13573.0,55363.7,16172.8,31744.999999999996,556227.0,48206.899999999994,86,4,2697.9392169329544,2310.9212421171137,5097.834736080158,0.0015808262191082981
5,103055.4,63965.299999999996,78333.5,252615.3,48278.299999999996,1481718.7,86,5,8816.355500696163,7555.35215304349,14321.97964765144,0.0013580396454467934
0,914179.0,54953.5,66829.0,296746.1,7607.599999999999,60377.799999999996,87,0,11630.001498326903,9963.163575883911,19208.24329701641,0.002314646969441921
1,50239.7,1613650.5,53351.899999999994,270318.3,32156.6,41533.1,87,1,15465.215091624566,13242.363692140509,28090.963696944196,0.001783151823775897
2,58532.6,47294.1,920520.9999999999,115254.99999999999,13567.4,48470.1,87,2,6267.53936382753,5370.014084700482,10195.253420487748,0.001033580522775653
3,272820.1,284002.6,119343.7,1469378.4,20739.6,149209.9,87,3,14539.215021670592,12452.761104802052,24705.498741489366,0.0022175264216223226
4,9914.099999999999,33019.7,9967.3,18580.1,367823.39999999997,36678.6,87,4,2630.526841804212,2252.0871725272027,4912.585048729403,0.001497551815374836
5,59308.899999999994,40068.0,52598.0,163754.5,28666.399999999998,966373.1,87,5,8137.889623928544,6973.175399232502,13078.459055989368,0.0012288661966951401
0,2288781.5999999996,143013.5,124859.7,687042.2999999999,15558.9,165140.5,88,0,10796.543855205826,9248.735318489551,17657.195254536287,0.0021106750379452145
1,156342.9,4831540.699999999,62432.299999999996,740518.7999999999,74643.79999999999,90624.79999999999,88,1,14849.540041772918,12724.266911435569,26714.65048370697,0.0016744305407878988
2,1136464.7,125260.79999999999,2821347.9,281007.3,27039.6,105629.29999999999,88,2,5789.26950311725,4959.033130588206,9326.182180727554,0.0009377217724120574
3,708548.3999999999,906941.0,255387.99999999997,4043428.9,51466.1,371922.6,88,3,13628.103291736916,11675.502506563213,22928.093102594903,0.002037840466736659
4,17299.1,78814.4,26111.399999999998,45948.7,1010241.3999999999,65604.7,88,4,2551.624911036256,2186.637444194856,4712.733441228667,0.0014129306706827782
5,190239.69999999998,103429.2,92617.7,418852.0,56177.799999999996,2485451.5,88,5,7486.963632277018,6412.984451798272,11914.29273806362,0.001111133054247589
0,2288781.5999999996,143013.5,124859.7,687042.2999999999,15558.9,165140.5,89,0,9990.503178310852,8556.51622217293,16192.923811678946,0.001922591886167051
1,156342.9,4831540.699999999,62432.299999999996,740518.7999999999,74643.79999999999,90624.79999999999,89,1,14211.26365095883,12183.532415469299,25318.6041985902,0.001568050749530448
2,1136464.7,125260.79999999999,2821347.9,281007.3,27039.6,105629.29999999999,89,2,5330.438659224304,4564.2562918251215,8512.984720649798,0.0008501688168878302
3,708548.3999999999,906941.0,255387.99999999997,4043428.9,51466.1,371922.6,89,3,12732.21162682742,10908.893731225628,21219.610501724776,0.001869695047803109
4,17299.1,78814.4,26111.399999999998,45948.7,1010241.3999999999,65604.7,89,4,2465.410431897785,2114.2844837632506,4501.374054206455,0.0013280797361568204
5,190239.69999999998,103429.2,92617.7,418852.0,56177.799999999996,2485451.5,89,5,6865.845880669991,5877.941561965355,10831.941173265153,0.0010041852780609036
0,2288781.5999999996,143013.5,124859.7,687042.2999999999,15558.9,165140.5,90,0,9213.803293104185,7895.870197241504,14819.82041592849,0.001749818803550057
1,156342.9,4831540.699999999,62432.299999999996,740518.7999999999,74643.79999999999,90624.79999999999,90,1,13558.345261547065,11619.306147853922,23918.13739442527,0.0014648073946737412
2,1136464.7,125260.79999999999,2821347.9,281007.3,27039.6,105629.29999999999,90,2,4891.3683550636515,4191.573076575976,7756.762572503962,0.0007704335149431946
3,708548.3999999999,906941.0,255387.99999999997,4043428.9,51466.1,371922.6,90,3,11856.440636303189,10160.902825108582,19590.045557598325,0.0017131410512664892
4,17299.1,78814.4,26111.399999999998,45948.7,1010241.3999999999,65604.7,90,4,2373.5142106874837,2034.073589866583,4281.621796882309,0.0012440033555926773
5,190239.69999999998,103429.2,92617.7,418852.0,56177.799999999996,2485451.5,90,5,6274.312799481651,5376.553754213333,9831.65500452929,0.0009072795065026328
0,2288781.5999999996,143013.5,124859.7,687042.2999999999,15558.9,165140.5,91,0,8478.058660081328,7270.704231359743,13539.733926537332,0.00159159271123543
1,156342.9,4831540.699999999,62432.299999999996,740518.7999999999,74643.79999999999,90624.79999999999,91,1,12888.691005027194,11038.36069040798,22527.13312444932,0.001365334404219672
2,1136464.7,125260.79999999999,2821347.9,281007.3,27039.6,105629.29999999999,91,2,4479.488069389146,3842.6859345870066,7057.266149386385,0.0006979775906533505
3,708548.3999999999,906941.0,255387.99999999997,4043428.9,51466.1,371922.6,91,3,11010.258196709645,9437.658618824578,18046.41422717857,0.0015679973320548483
4,17299.1,78814.4,26111.399999999998,45948.7,1010241.3999999999,65604.7,91,4,2274.52741997875,1947.2206851006717,4056.517561383353,0.0011615741132275507
5,190239.69999999998,103429.2,92617.7,418852.0,56177.799999999996,2485451.5,91,5,5723.17470769688,4910.694469077678,8911.914608598812,0.0008196325257362506
0,2288781.5999999996,143013.5,124859.7,687042.2999999999,15558.9,165140.5,92,0,7789.742403474182,6678.445715223897,12352.400838726095,0.0014470348690034636
1,156342.9,4831540.699999999,62432.299999999996,740518.7999999999,74643.79999999999,90624.79999999999,92,1,12207.461970149721,10454.623836071383,21157.842212810443,0.0012701119774116215
2,1136464.7,125260.79999999999,2821347.9,281007.3,27039.6,105629.29999999999,92,2,4098.285252329089,3514.5222512564133,6413.176272092497,0.0006322425731165193
3,708548.3999999999,906941.0,255387.99999999997,4043428.9,51466.1,371922.6,92,3,10201.388908443565,8742.378063394019,16593.053803604114,0.0014339065742511778
4,17299.1,78814.4,26111.399999999998,45948.7,1010241.3999999999,65604.7,92,4,2169.1076593916982,1857.0868398773157,3828.9444015387007,0.0010815222102924036
5,190239.69999999998,103429.2,92617.7,418852.0,56177.799999999996,2485451.5,92,5,5217.0056080822305,4474.7913422397505,8069.8527367888,0.000740457864970864
0,1213485.0,91794.5,102846.79999999999,426716.5,14086.8,101108.0,93,0,7145.301140539052,6119.1998184511485,11255.873860739217,0.001315206231094948
1,91128.09999999999,2369532.1999999997,67799.2,436240.0,56219.799999999996,63782.6,93,1,11525.491333982938,9875.962489681384,19820.766122334844,0.001179478673300934
2,104433.7,70144.9,1552348.0,176314.59999999998,17687.6,78936.2,93,2,3744.4400894628125,3206.3419605958134,5822.368930015384,0.0005726721489738335
3,421966.3,427631.39999999997,173980.09999999998,2421969.1999999997,32301.499999999996,243921.3,93,3,9430.901208734236,8078.204788445251,15231.975509401364,0.0013103852582228486
4,13573.0,55363.7,16172.8,31744.999999999996,556227.0,48206.899999999994,93,4,2060.0149649435716,1765.4624439542558,3601.5582888203085,0.0010044328059925895
5,103055.4,63965.299999999996,78333.5,252615.3,48278.299999999996,1481718.7,93,5,4750.149815518036,4067.1335214579317,7301.638949527251,0.0006689917082899805
0,914179.0,54953.5,66829.0,296746.1,7607.599999999999,60377.799999999996,94,0,6536.034756554054,5597.464208526838,10246.925353077355,0.0011951499983364623
1,50239.7,1613650.5,53351.899999999994,270318.3,32156.6,41533.1,94,1,10855.777775661685,9302.396016642713,18524.61918968201,0.0010936467543805556
2,58532.6,47294.1,920520.9999999999,115254.99999999999,13567.4,48470.1,94,2,3411.2297060882247,2920.9971648259034,5282.15230487838,0.0005187278836562126
3,272820.1,284002.6,119343.7,1469378.4,20739.6,149209.9,94,3,8696.126062489047,7448.9970155577,13963.23997319779,0.0011968663716952629
4,9914.099999999999,33019.7,9967.3,18580.1,367823.39999999997,36678.6,94,4,1950.9270455711812,1672.0280590972384,3376.7356848351333,0.0009307502328538456
5,59308.899999999994,40068.0,52598.0,163754.5,28666.399999999998,966373.1,94,5,4311.900488150563,3691.8359327825774,6602.812967657511,0.0006045098766312751
